system:index,AOI_reduction_sample_count,aggregation_method,aggregation_mode,all_source_element_count,analysis_scale_description,analysis_scale_m,aoi_id,availability_status,coverage_method,daily_composite_count,footprint_metadata,is_valid_month,l3_grid_spacing_m,metadata_selected_source_element_count,month,month_of_year,pollutant,processing_branch,quality_description,reduction_crs,source_band,source_collection,source_element_count,source_selection_mode,support_count_max,support_count_mean,support_count_median,support_count_min,support_count_p10,support_count_p90,system_time_start,temporal_support_description,temporal_support_fraction_mean,temporal_support_mode,total_aoi_area_km2,total_aoi_area_m2,valid_area_fraction,valid_area_km2,valid_area_m2,valid_area_percent,year,.geo
1_1_1_1_1_00000000000000000000,698,daily-first calendar-month mean,DAILY_FIRST,440,Earth Engine L3 grid-scale AOI reduction,1113.2,AOI_KRYVYI_RIH,VALID,pixelArea masked by final monthly pollutant raster,31,TROPOMI footprint is coarser than the 1113.2 m Earth Engine L3 grid; not treated as independent 1.1 km observations,1,1113.2,440,2019-01,1,NO2,NO2_DAILY_FIRST_LEVEL1,PRODUCT_QUALITY = NOMINAL; native Earth Engine L3 NO2 validity screening retained,EPSG:4326,tropospheric_NO2_column_number_density,COPERNICUS/S5P/OFFL/L3_NO2,440,PRODUCT_QUALITY_NOMINAL,10.0,7.434923742786476,6.999999999999996,4.0,6.999999999999996,8.0,1546300800000,valid calendar days contributing to the monthly daily-first composite,0.23983624261962844,VALID_DAYS,441.4874046016281,4.414874046016281E8,1.0,441.4874046016281,4.414874046016281E8,100.0,2019,"{""type"":""MultiPoint"",""coordinates"":[]}"
1_1_1_1_1_00000000000000000001,0,orbital-first calendar-month mean,ORBITAL_MONTHLY,439,7000 m dissertation-compatible AOI analysis scale; not the native Earth Engine L3 pixel size,7000.0,AOI_KRYVYI_RIH,NA_NO_VALID_FINAL_RASTER_DATA,pixelArea masked by final monthly pollutant raster,,approximately footprint-scale S5P/TROPOMI support; Earth Engine L3 grid spacing remains 1113.2 m,0,1113.2,439,2019-01,1,SO2,SO2_ORBITAL_MONTHLY_LEVEL1,native Earth Engine L3 SO2 ingestion QA retained; no additional qa_value or PRODUCT_QUALITY filter,EPSG:4326,SO2_column_number_density,COPERNICUS/S5P/OFFL/L3_SO2,439,NATIVE_L3_INGESTION_QA,0.0,0.0,0.0,0.0,0.0,0.0,1546300800000,per-pixel count of valid orbital L3 observations contributing to the monthly composite,,VALID_ORBITAL_OBSERVATIONS,441.4874046016281,4.414874046016281E8,0.0,0.0,0.0,0.0,2019,"{""type"":""MultiPoint"",""coordinates"":[]}"
1_1_1_1_1_00000000000000000002,698,daily-first calendar-month mean,DAILY_FIRST,440,Earth Engine L3 grid-scale AOI reduction,1113.2,AOI_KRYVYI_RIH,VALID,pixelArea masked by final monthly pollutant raster,31,CO source footprint is coarser than the 1113.2 m Earth Engine L3 grid; 1113.2 m is not interpreted as independent native spatial resolution,1,1113.2,440,2019-01,1,CO,CO_DAILY_FIRST,Earth Engine L3 CO ingestion validity mask retained; no additional pixel QA filter,EPSG:4326,CO_column_number_density,COPERNICUS/S5P/OFFL/L3_CO,440,NATIVE_L3_MASK,19.0,14.300803792250608,14.000000000000002,10.0,11.999999999999996,17.000000000000004,1546300800000,valid calendar days contributing to the monthly daily-first composite,0.4613162400908421,VALID_DAYS,441.4874046016281,4.414874046016281E8,1.0,441.4874046016281,4.414874046016281E8,100.0,2019,"{""type"":""MultiPoint"",""coordinates"":[]}"
1_1_1_1_1_00000000000000000004,33,orbital-first calendar-month mean,ORBITAL_MONTHLY,396,7000 m dissertation-compatible AOI analysis scale; not the native Earth Engine L3 pixel size,7000.0,AOI_KRYVYI_RIH,VALID,pixelArea masked by final monthly pollutant raster,,approximately footprint-scale S5P/TROPOMI support; Earth Engine L3 grid spacing remains 1113.2 m,1,1113.2,396,2019-02,2,SO2,SO2_ORBITAL_MONTHLY_LEVEL1,native Earth Engine L3 SO2 ingestion QA retained; no additional qa_value or PRODUCT_QUALITY filter,EPSG:4326,SO2_column_number_density,COPERNICUS/S5P/OFFL/L3_SO2,396,NATIVE_L3_INGESTION_QA,6.0,3.7564511452594953,4.0,2.0,2.0,5.0,1548979200000,per-pixel count of valid orbital L3 observations contributing to the monthly composite,,VALID_ORBITAL_OBSERVATIONS,441.4874046016281,4.414874046016281E8,1.0,441.4874046016281,4.414874046016281E8,100.0,2019,"{""type"":""MultiPoint"",""coordinates"":[]}"
1_1_1_1_1_00000000000000000005,698,daily-first calendar-month mean,DAILY_FIRST,396,Earth Engine L3 grid-scale AOI reduction,1113.2,AOI_KRYVYI_RIH,VALID,pixelArea masked by final monthly pollutant raster,28,CO source footprint is coarser than the 1113.2 m Earth Engine L3 grid; 1113.2 m is not interpreted as independent native spatial resolution,1,1113.2,396,2019-02,2,CO,CO_DAILY_FIRST,Earth Engine L3 CO ingestion validity mask retained; no additional pixel QA filter,EPSG:4326,CO_column_number_density,COPERNICUS/S5P/OFFL/L3_CO,396,NATIVE_L3_MASK,17.0,12.889139971734776,13.000000000000005,11.0,12.000000000000002,14.000000000000004,1548979200000,valid calendar days contributing to the monthly daily-first composite,0.4603264254751806,VALID_DAYS,441.4874046016281,4.414874046016281E8,1.0,441.4874046016281,4.414874046016281E8,100.0,2019,"{""type"":""MultiPoint"",""coordinates"":[]}"
1_1_1_1_1_00000000000000000003,698,daily-first calendar-month mean,DAILY_FIRST,396,Earth Engine L3 grid-scale AOI reduction,1113.2,AOI_KRYVYI_RIH,VALID,pixelArea masked by final monthly pollutant raster,28,TROPOMI footprint is coarser than the 1113.2 m Earth Engine L3 grid; not treated as independent 1.1 km observations,1,1113.2,396,2019-02,2,NO2,NO2_DAILY_FIRST_LEVEL1,PRODUCT_QUALITY = NOMINAL; native Earth Engine L3 NO2 validity screening retained,EPSG:4326,tropospheric_NO2_column_number_density,COPERNICUS/S5P/OFFL/L3_NO2,396,PRODUCT_QUALITY_NOMINAL,8.0,5.890877105170184,6.0,4.0,4.999999999999998,7.000000000000001,1548979200000,valid calendar days contributing to the monthly daily-first composite,0.21038847043232825,VALID_DAYS,441.4874046016281,4.414874046016281E8,1.0,441.4874046016281,4.414874046016281E8,100.0,2019,"{""type"":""MultiPoint"",""coordinates"":[]}"
1_1_1_1_1_00000000000000000007,33,orbital-first calendar-month mean,ORBITAL_MONTHLY,438,7000 m dissertation-compatible AOI analysis scale; not the native Earth Engine L3 pixel size,7000.0,AOI_KRYVYI_RIH,VALID,pixelArea masked by final monthly pollutant raster,,approximately footprint-scale S5P/TROPOMI support; Earth Engine L3 grid spacing remains 1113.2 m,1,1113.2,438,2019-03,3,SO2,SO2_ORBITAL_MONTHLY_LEVEL1,native Earth Engine L3 SO2 ingestion QA retained; no additional qa_value or PRODUCT_QUALITY filter,EPSG:4326,SO2_column_number_density,COPERNICUS/S5P/OFFL/L3_SO2,438,NATIVE_L3_INGESTION_QA,25.0,20.20092780516092,20.0,17.0,18.0,24.0,1551398400000,per-pixel count of valid orbital L3 observations contributing to the monthly composite,,VALID_ORBITAL_OBSERVATIONS,441.4874046016281,4.414874046016281E8,1.0,441.4874046016281,4.414874046016281E8,100.0,2019,"{""type"":""MultiPoint"",""coordinates"":[]}"
1_1_1_1_1_00000000000000000006,698,daily-first calendar-month mean,DAILY_FIRST,440,Earth Engine L3 grid-scale AOI reduction,1113.2,AOI_KRYVYI_RIH,VALID,pixelArea masked by final monthly pollutant raster,31,TROPOMI footprint is coarser than the 1113.2 m Earth Engine L3 grid; not treated as independent 1.1 km observations,1,1113.2,440,2019-03,3,NO2,NO2_DAILY_FIRST_LEVEL1,PRODUCT_QUALITY = NOMINAL; native Earth Engine L3 NO2 validity screening retained,EPSG:4326,tropospheric_NO2_column_number_density,COPERNICUS/S5P/OFFL/L3_NO2,440,PRODUCT_QUALITY_NOMINAL,16.0,11.652146390295608,11.999999999999996,9.0,10.0,13.000000000000002,1551398400000,valid calendar days contributing to the monthly daily-first composite,0.37587567880756734,VALID_DAYS,441.4874046016281,4.414874046016281E8,1.0,441.4874046016281,4.414874046016281E8,100.0,2019,"{""type"":""MultiPoint"",""coordinates"":[]}"
1_1_1_1_1_00000000000000000008,698,daily-first calendar-month mean,DAILY_FIRST,439,Earth Engine L3 grid-scale AOI reduction,1113.2,AOI_KRYVYI_RIH,VALID,pixelArea masked by final monthly pollutant raster,31,CO source footprint is coarser than the 1113.2 m Earth Engine L3 grid; 1113.2 m is not interpreted as independent native spatial resolution,1,1113.2,439,2019-03,3,CO,CO_DAILY_FIRST,Earth Engine L3 CO ingestion validity mask retained; no additional pixel QA filter,EPSG:4326,CO_column_number_density,COPERNICUS/S5P/OFFL/L3_CO,439,NATIVE_L3_MASK,21.0,16.763131551054062,17.0,13.0,15.000000000000005,19.000000000000004,1551398400000,valid calendar days contributing to the monthly daily-first composite,0.5407461724574758,VALID_DAYS,441.4874046016281,4.414874046016281E8,1.0,441.4874046016281,4.414874046016281E8,100.0,2019,"{""type"":""MultiPoint"",""coordinates"":[]}"
1_1_1_1_1_00000000000000000009,698,daily-first calendar-month mean,DAILY_FIRST,417,Earth Engine L3 grid-scale AOI reduction,1113.2,AOI_KRYVYI_RIH,VALID,pixelArea masked by final monthly pollutant raster,30,TROPOMI footprint is coarser than the 1113.2 m Earth Engine L3 grid; not treated as independent 1.1 km observations,1,1113.2,417,2019-04,4,NO2,NO2_DAILY_FIRST_LEVEL1,PRODUCT_QUALITY = NOMINAL; native Earth Engine L3 NO2 validity screening retained,EPSG:4326,tropospheric_NO2_column_number_density,COPERNICUS/S5P/OFFL/L3_NO2,417,PRODUCT_QUALITY_NOMINAL,21.0,18.052805912142265,18.0,16.0,17.0,18.999999999999996,1554076800000,valid calendar days contributing to the monthly daily-first composite,0.601760207247083,VALID_DAYS,441.4874046016281,4.414874046016281E8,1.0,441.4874046016281,4.414874046016281E8,100.0,2019,"{""type"":""MultiPoint"",""coordinates"":[]}"
1_1_1_1_1_0000000000000000000b,698,daily-first calendar-month mean,DAILY_FIRST,417,Earth Engine L3 grid-scale AOI reduction,1113.2,AOI_KRYVYI_RIH,VALID,pixelArea masked by final monthly pollutant raster,30,CO source footprint is coarser than the 1113.2 m Earth Engine L3 grid; 1113.2 m is not interpreted as independent native spatial resolution,1,1113.2,417,2019-04,4,CO,CO_DAILY_FIRST,Earth Engine L3 CO ingestion validity mask retained; no additional pixel QA filter,EPSG:4326,CO_column_number_density,COPERNICUS/S5P/OFFL/L3_CO,417,NATIVE_L3_MASK,26.0,21.098361500412196,21.000000000000007,18.0,20.000000000000004,22.999999999999996,1554076800000,valid calendar days contributing to the monthly daily-first composite,0.703278720523658,VALID_DAYS,441.4874046016281,4.414874046016281E8,1.0,441.4874046016281,4.414874046016281E8,100.0,2019,"{""type"":""MultiPoint"",""coordinates"":[]}"
1_1_1_1_1_0000000000000000000a,33,orbital-first calendar-month mean,ORBITAL_MONTHLY,414,7000 m dissertation-compatible AOI analysis scale; not the native Earth Engine L3 pixel size,7000.0,AOI_KRYVYI_RIH,VALID,pixelArea masked by final monthly pollutant raster,,approximately footprint-scale S5P/TROPOMI support; Earth Engine L3 grid spacing remains 1113.2 m,1,1113.2,414,2019-04,4,SO2,SO2_ORBITAL_MONTHLY_LEVEL1,native Earth Engine L3 SO2 ingestion QA retained; no additional qa_value or PRODUCT_QUALITY filter,EPSG:4326,SO2_column_number_density,COPERNICUS/S5P/OFFL/L3_SO2,414,NATIVE_L3_INGESTION_QA,34.0,30.988982313714114,31.0,28.0,29.0,33.0,1554076800000,per-pixel count of valid orbital L3 observations contributing to the monthly composite,,VALID_ORBITAL_OBSERVATIONS,441.4874046016281,4.414874046016281E8,1.0,441.4874046016281,4.414874046016281E8,100.0,2019,"{""type"":""MultiPoint"",""coordinates"":[]}"
1_1_1_1_1_0000000000000000000c,698,daily-first calendar-month mean,DAILY_FIRST,440,Earth Engine L3 grid-scale AOI reduction,1113.2,AOI_KRYVYI_RIH,VALID,pixelArea masked by final monthly pollutant raster,31,TROPOMI footprint is coarser than the 1113.2 m Earth Engine L3 grid; not treated as independent 1.1 km observations,1,1113.2,440,2019-05,5,NO2,NO2_DAILY_FIRST_LEVEL1,PRODUCT_QUALITY = NOMINAL; native Earth Engine L3 NO2 validity screening retained,EPSG:4326,tropospheric_NO2_column_number_density,COPERNICUS/S5P/OFFL/L3_NO2,440,PRODUCT_QUALITY_NOMINAL,17.0,12.717156400895064,12.000000000000004,8.0,10.999999999999998,15.000000000000004,1556668800000,valid calendar days contributing to the monthly daily-first composite,0.41023084047438957,VALID_DAYS,441.4874046016281,4.414874046016281E8,1.0,441.4874046016281,4.414874046016281E8,100.0,2019,"{""type"":""MultiPoint"",""coordinates"":[]}"
1_1_1_1_1_0000000000000000000e,698,daily-first calendar-month mean,DAILY_FIRST,440,Earth Engine L3 grid-scale AOI reduction,1113.2,AOI_KRYVYI_RIH,VALID,pixelArea masked by final monthly pollutant raster,31,CO source footprint is coarser than the 1113.2 m Earth Engine L3 grid; 1113.2 m is not interpreted as independent native spatial resolution,1,1113.2,440,2019-05,5,CO,CO_DAILY_FIRST,Earth Engine L3 CO ingestion validity mask retained; no additional pixel QA filter,EPSG:4326,CO_column_number_density,COPERNICUS/S5P/OFFL/L3_CO,440,NATIVE_L3_MASK,25.0,21.41049346366741,21.0,18.0,19.999999999999993,22.999999999999986,1556668800000,valid calendar days contributing to the monthly daily-first composite,0.6906610737085173,VALID_DAYS,441.4874046016281,4.414874046016281E8,1.0,441.4874046016281,4.414874046016281E8,100.0,2019,"{""type"":""MultiPoint"",""coordinates"":[]}"
1_1_1_1_1_0000000000000000000d,33,orbital-first calendar-month mean,ORBITAL_MONTHLY,440,7000 m dissertation-compatible AOI analysis scale; not the native Earth Engine L3 pixel size,7000.0,AOI_KRYVYI_RIH,VALID,pixelArea masked by final monthly pollutant raster,,approximately footprint-scale S5P/TROPOMI support; Earth Engine L3 grid spacing remains 1113.2 m,1,1113.2,440,2019-05,5,SO2,SO2_ORBITAL_MONTHLY_LEVEL1,native Earth Engine L3 SO2 ingestion QA retained; no additional qa_value or PRODUCT_QUALITY filter,EPSG:4326,SO2_column_number_density,COPERNICUS/S5P/OFFL/L3_SO2,440,NATIVE_L3_INGESTION_QA,33.0,30.41403305305886,30.0,28.0,29.0,33.0,1556668800000,per-pixel count of valid orbital L3 observations contributing to the monthly composite,,VALID_ORBITAL_OBSERVATIONS,441.4874046016281,4.414874046016281E8,1.0,441.4874046016281,4.414874046016281E8,100.0,2019,"{""type"":""MultiPoint"",""coordinates"":[]}"
1_1_1_1_1_00000000000000000011,698,daily-first calendar-month mean,DAILY_FIRST,425,Earth Engine L3 grid-scale AOI reduction,1113.2,AOI_KRYVYI_RIH,VALID,pixelArea masked by final monthly pollutant raster,30,CO source footprint is coarser than the 1113.2 m Earth Engine L3 grid; 1113.2 m is not interpreted as independent native spatial resolution,1,1113.2,425,2019-06,6,CO,CO_DAILY_FIRST,Earth Engine L3 CO ingestion validity mask retained; no additional pixel QA filter,EPSG:4326,CO_column_number_density,COPERNICUS/S5P/OFFL/L3_CO,425,NATIVE_L3_MASK,27.0,24.51972676952067,24.999999999999975,22.0,22.999999999999993,25.99999999999999,1559347200000,valid calendar days contributing to the monthly daily-first composite,0.8173242201724812,VALID_DAYS,441.4874046016281,4.414874046016281E8,1.0,441.4874046016281,4.414874046016281E8,100.0,2019,"{""type"":""MultiPoint"",""coordinates"":[]}"
1_1_1_1_1_00000000000000000010,33,orbital-first calendar-month mean,ORBITAL_MONTHLY,425,7000 m dissertation-compatible AOI analysis scale; not the native Earth Engine L3 pixel size,7000.0,AOI_KRYVYI_RIH,VALID,pixelArea masked by final monthly pollutant raster,,approximately footprint-scale S5P/TROPOMI support; Earth Engine L3 grid spacing remains 1113.2 m,1,1113.2,425,2019-06,6,SO2,SO2_ORBITAL_MONTHLY_LEVEL1,native Earth Engine L3 SO2 ingestion QA retained; no additional qa_value or PRODUCT_QUALITY filter,EPSG:4326,SO2_column_number_density,COPERNICUS/S5P/OFFL/L3_SO2,425,NATIVE_L3_INGESTION_QA,38.0,37.064076543925765,37.0,32.0,36.0,38.0,1559347200000,per-pixel count of valid orbital L3 observations contributing to the monthly composite,,VALID_ORBITAL_OBSERVATIONS,441.4874046016281,4.414874046016281E8,1.0,441.4874046016281,4.414874046016281E8,100.0,2019,"{""type"":""MultiPoint"",""coordinates"":[]}"
1_1_1_1_1_0000000000000000000f,698,daily-first calendar-month mean,DAILY_FIRST,425,Earth Engine L3 grid-scale AOI reduction,1113.2,AOI_KRYVYI_RIH,VALID,pixelArea masked by final monthly pollutant raster,30,TROPOMI footprint is coarser than the 1113.2 m Earth Engine L3 grid; not treated as independent 1.1 km observations,1,1113.2,425,2019-06,6,NO2,NO2_DAILY_FIRST_LEVEL1,PRODUCT_QUALITY = NOMINAL; native Earth Engine L3 NO2 validity screening retained,EPSG:4326,tropospheric_NO2_column_number_density,COPERNICUS/S5P/OFFL/L3_NO2,425,PRODUCT_QUALITY_NOMINAL,24.0,22.14285714285715,22.00000000000001,19.0,20.999999999999996,23.000000000000004,1559347200000,valid calendar days contributing to the monthly daily-first composite,0.738095240768152,VALID_DAYS,441.4874046016281,4.414874046016281E8,1.0,441.4874046016281,4.414874046016281E8,100.0,2019,"{""type"":""MultiPoint"",""coordinates"":[]}"
1_1_1_1_1_00000000000000000012,698,daily-first calendar-month mean,DAILY_FIRST,437,Earth Engine L3 grid-scale AOI reduction,1113.2,AOI_KRYVYI_RIH,VALID,pixelArea masked by final monthly pollutant raster,31,TROPOMI footprint is coarser than the 1113.2 m Earth Engine L3 grid; not treated as independent 1.1 km observations,1,1113.2,437,2019-07,7,NO2,NO2_DAILY_FIRST_LEVEL1,PRODUCT_QUALITY = NOMINAL; native Earth Engine L3 NO2 validity screening retained,EPSG:4326,tropospheric_NO2_column_number_density,COPERNICUS/S5P/OFFL/L3_NO2,437,PRODUCT_QUALITY_NOMINAL,27.0,22.161678541985605,22.0,14.0,18.000000000000004,25.0,1561939200000,valid calendar days contributing to the monthly daily-first composite,0.7148928501478821,VALID_DAYS,441.4874046016281,4.414874046016281E8,1.0,441.4874046016281,4.414874046016281E8,100.0,2019,"{""type"":""MultiPoint"",""coordinates"":[]}"
1_1_1_1_1_00000000000000000014,698,daily-first calendar-month mean,DAILY_FIRST,437,Earth Engine L3 grid-scale AOI reduction,1113.2,AOI_KRYVYI_RIH,VALID,pixelArea masked by final monthly pollutant raster,31,CO source footprint is coarser than the 1113.2 m Earth Engine L3 grid; 1113.2 m is not interpreted as independent native spatial resolution,1,1113.2,437,2019-07,7,CO,CO_DAILY_FIRST,Earth Engine L3 CO ingestion validity mask retained; no additional pixel QA filter,EPSG:4326,CO_column_number_density,COPERNICUS/S5P/OFFL/L3_CO,437,NATIVE_L3_MASK,29.0,27.593054410552348,27.999999999999993,25.0,26.0,28.99999999999999,1561939200000,valid calendar days contributing to the monthly daily-first composite,0.8900985184022824,VALID_DAYS,441.4874046016281,4.414874046016281E8,1.0,441.4874046016281,4.414874046016281E8,100.0,2019,"{""type"":""MultiPoint"",""coordinates"":[]}"
1_1_1_1_1_00000000000000000013,33,orbital-first calendar-month mean,ORBITAL_MONTHLY,437,7000 m dissertation-compatible AOI analysis scale; not the native Earth Engine L3 pixel size,7000.0,AOI_KRYVYI_RIH,VALID,pixelArea masked by final monthly pollutant raster,,approximately footprint-scale S5P/TROPOMI support; Earth Engine L3 grid spacing remains 1113.2 m,1,1113.2,437,2019-07,7,SO2,SO2_ORBITAL_MONTHLY_LEVEL1,native Earth Engine L3 SO2 ingestion QA retained; no additional qa_value or PRODUCT_QUALITY filter,EPSG:4326,SO2_column_number_density,COPERNICUS/S5P/OFFL/L3_SO2,437,NATIVE_L3_INGESTION_QA,44.0,41.48883734415773,42.0,38.0,39.0,44.0,1561939200000,per-pixel count of valid orbital L3 observations contributing to the monthly composite,,VALID_ORBITAL_OBSERVATIONS,441.4874046016281,4.414874046016281E8,1.0,441.4874046016281,4.414874046016281E8,100.0,2019,"{""type"":""MultiPoint"",""coordinates"":[]}"
1_1_1_1_1_00000000000000000016,33,orbital-first calendar-month mean,ORBITAL_MONTHLY,440,7000 m dissertation-compatible AOI analysis scale; not the native Earth Engine L3 pixel size,7000.0,AOI_KRYVYI_RIH,VALID,pixelArea masked by final monthly pollutant raster,,approximately footprint-scale S5P/TROPOMI support; Earth Engine L3 grid spacing remains 1113.2 m,1,1113.2,440,2019-08,8,SO2,SO2_ORBITAL_MONTHLY_LEVEL1,native Earth Engine L3 SO2 ingestion QA retained; no additional qa_value or PRODUCT_QUALITY filter,EPSG:4326,SO2_column_number_density,COPERNICUS/S5P/OFFL/L3_SO2,440,NATIVE_L3_INGESTION_QA,39.0,35.98753261815018,36.0,34.0,35.0,37.0,1564617600000,per-pixel count of valid orbital L3 observations contributing to the monthly composite,,VALID_ORBITAL_OBSERVATIONS,441.4874046016281,4.414874046016281E8,1.0,441.4874046016281,4.414874046016281E8,100.0,2019,"{""type"":""MultiPoint"",""coordinates"":[]}"
1_1_1_1_1_00000000000000000017,698,daily-first calendar-month mean,DAILY_FIRST,440,Earth Engine L3 grid-scale AOI reduction,1113.2,AOI_KRYVYI_RIH,VALID,pixelArea masked by final monthly pollutant raster,31,CO source footprint is coarser than the 1113.2 m Earth Engine L3 grid; 1113.2 m is not interpreted as independent native spatial resolution,1,1113.2,440,2019-08,8,CO,CO_DAILY_FIRST,Earth Engine L3 CO ingestion validity mask retained; no additional pixel QA filter,EPSG:4326,CO_column_number_density,COPERNICUS/S5P/OFFL/L3_CO,440,NATIVE_L3_MASK,27.0,24.774422918384186,25.000000000000004,21.0,21.999999999999996,25.999999999999996,1564617600000,valid calendar days contributing to the monthly daily-first composite,0.7991749262866081,VALID_DAYS,441.4874046016281,4.414874046016281E8,1.0,441.4874046016281,4.414874046016281E8,100.0,2019,"{""type"":""MultiPoint"",""coordinates"":[]}"
1_1_1_1_1_00000000000000000015,698,daily-first calendar-month mean,DAILY_FIRST,440,Earth Engine L3 grid-scale AOI reduction,1113.2,AOI_KRYVYI_RIH,VALID,pixelArea masked by final monthly pollutant raster,31,TROPOMI footprint is coarser than the 1113.2 m Earth Engine L3 grid; not treated as independent 1.1 km observations,1,1113.2,440,2019-08,8,NO2,NO2_DAILY_FIRST_LEVEL1,PRODUCT_QUALITY = NOMINAL; native Earth Engine L3 NO2 validity screening retained,EPSG:4326,tropospheric_NO2_column_number_density,COPERNICUS/S5P/OFFL/L3_NO2,440,PRODUCT_QUALITY_NOMINAL,26.0,23.809607231185954,24.000000000000004,20.0,20.999999999999996,26.0,1564617600000,valid calendar days contributing to the monthly daily-first composite,0.7680518392141332,VALID_DAYS,441.4874046016281,4.414874046016281E8,1.0,441.4874046016281,4.414874046016281E8,100.0,2019,"{""type"":""MultiPoint"",""coordinates"":[]}"
1_1_1_1_1_0000000000000000001a,698,daily-first calendar-month mean,DAILY_FIRST,425,Earth Engine L3 grid-scale AOI reduction,1113.2,AOI_KRYVYI_RIH,VALID,pixelArea masked by final monthly pollutant raster,30,CO source footprint is coarser than the 1113.2 m Earth Engine L3 grid; 1113.2 m is not interpreted as independent native spatial resolution,1,1113.2,425,2019-09,9,CO,CO_DAILY_FIRST,Earth Engine L3 CO ingestion validity mask retained; no additional pixel QA filter,EPSG:4326,CO_column_number_density,COPERNICUS/S5P/OFFL/L3_CO,425,NATIVE_L3_MASK,25.0,20.26391914968791,20.000000000000004,16.0,18.000000000000004,24.000000000000004,1567296000000,valid calendar days contributing to the monthly daily-first composite,0.6754639779300128,VALID_DAYS,441.4874046016281,4.414874046016281E8,1.0,441.4874046016281,4.414874046016281E8,100.0,2019,"{""type"":""MultiPoint"",""coordinates"":[]}"
1_1_1_1_1_00000000000000000019,33,orbital-first calendar-month mean,ORBITAL_MONTHLY,424,7000 m dissertation-compatible AOI analysis scale; not the native Earth Engine L3 pixel size,7000.0,AOI_KRYVYI_RIH,VALID,pixelArea masked by final monthly pollutant raster,,approximately footprint-scale S5P/TROPOMI support; Earth Engine L3 grid spacing remains 1113.2 m,1,1113.2,424,2019-09,9,SO2,SO2_ORBITAL_MONTHLY_LEVEL1,native Earth Engine L3 SO2 ingestion QA retained; no additional qa_value or PRODUCT_QUALITY filter,EPSG:4326,SO2_column_number_density,COPERNICUS/S5P/OFFL/L3_SO2,424,NATIVE_L3_INGESTION_QA,32.0,27.53667729776747,28.0,24.0,26.0,29.0,1567296000000,per-pixel count of valid orbital L3 observations contributing to the monthly composite,,VALID_ORBITAL_OBSERVATIONS,441.4874046016281,4.414874046016281E8,1.0,441.4874046016281,4.414874046016281E8,100.0,2019,"{""type"":""MultiPoint"",""coordinates"":[]}"
1_1_1_1_1_00000000000000000018,698,daily-first calendar-month mean,DAILY_FIRST,425,Earth Engine L3 grid-scale AOI reduction,1113.2,AOI_KRYVYI_RIH,VALID,pixelArea masked by final monthly pollutant raster,30,TROPOMI footprint is coarser than the 1113.2 m Earth Engine L3 grid; not treated as independent 1.1 km observations,1,1113.2,425,2019-09,9,NO2,NO2_DAILY_FIRST_LEVEL1,PRODUCT_QUALITY = NOMINAL; native Earth Engine L3 NO2 validity screening retained,EPSG:4326,tropospheric_NO2_column_number_density,COPERNICUS/S5P/OFFL/L3_NO2,425,PRODUCT_QUALITY_NOMINAL,23.0,18.863053527264157,19.000000000000004,16.0,18.00000000000001,21.000000000000004,1567296000000,valid calendar days contributing to the monthly daily-first composite,0.628768460301895,VALID_DAYS,441.4874046016281,4.414874046016281E8,1.0,441.4874046016281,4.414874046016281E8,100.0,2019,"{""type"":""MultiPoint"",""coordinates"":[]}"
1_1_1_1_1_0000000000000000001d,698,daily-first calendar-month mean,DAILY_FIRST,440,Earth Engine L3 grid-scale AOI reduction,1113.2,AOI_KRYVYI_RIH,VALID,pixelArea masked by final monthly pollutant raster,31,CO source footprint is coarser than the 1113.2 m Earth Engine L3 grid; 1113.2 m is not interpreted as independent native spatial resolution,1,1113.2,440,2019-10,10,CO,CO_DAILY_FIRST,Earth Engine L3 CO ingestion validity mask retained; no additional pixel QA filter,EPSG:4326,CO_column_number_density,COPERNICUS/S5P/OFFL/L3_CO,440,NATIVE_L3_MASK,27.0,22.019483865269112,21.999999999999986,17.0,20.000000000000004,23.999999999999982,1569888000000,valid calendar days contributing to the monthly daily-first composite,0.7103059242091551,VALID_DAYS,441.4874046016281,4.414874046016281E8,1.0,441.4874046016281,4.414874046016281E8,100.0,2019,"{""type"":""MultiPoint"",""coordinates"":[]}"
1_1_1_1_1_0000000000000000001b,698,daily-first calendar-month mean,DAILY_FIRST,439,Earth Engine L3 grid-scale AOI reduction,1113.2,AOI_KRYVYI_RIH,VALID,pixelArea masked by final monthly pollutant raster,31,TROPOMI footprint is coarser than the 1113.2 m Earth Engine L3 grid; not treated as independent 1.1 km observations,1,1113.2,439,2019-10,10,NO2,NO2_DAILY_FIRST_LEVEL1,PRODUCT_QUALITY = NOMINAL; native Earth Engine L3 NO2 validity screening retained,EPSG:4326,tropospheric_NO2_column_number_density,COPERNICUS/S5P/OFFL/L3_NO2,439,PRODUCT_QUALITY_NOMINAL,16.0,12.662804734424682,12.000000000000004,11.0,12.000000000000004,14.000000000000004,1569888000000,valid calendar days contributing to the monthly daily-first composite,0.40847755990463513,VALID_DAYS,441.4874046016281,4.414874046016281E8,1.0,441.4874046016281,4.414874046016281E8,100.0,2019,"{""type"":""MultiPoint"",""coordinates"":[]}"
1_1_1_1_1_0000000000000000001c,33,orbital-first calendar-month mean,ORBITAL_MONTHLY,439,7000 m dissertation-compatible AOI analysis scale; not the native Earth Engine L3 pixel size,7000.0,AOI_KRYVYI_RIH,VALID,pixelArea masked by final monthly pollutant raster,,approximately footprint-scale S5P/TROPOMI support; Earth Engine L3 grid spacing remains 1113.2 m,1,1113.2,439,2019-10,10,SO2,SO2_ORBITAL_MONTHLY_LEVEL1,native Earth Engine L3 SO2 ingestion QA retained; no additional qa_value or PRODUCT_QUALITY filter,EPSG:4326,SO2_column_number_density,COPERNICUS/S5P/OFFL/L3_SO2,439,NATIVE_L3_INGESTION_QA,14.0,11.139170774137428,11.0,9.0,10.0,13.0,1569888000000,per-pixel count of valid orbital L3 observations contributing to the monthly composite,,VALID_ORBITAL_OBSERVATIONS,441.4874046016281,4.414874046016281E8,1.0,441.4874046016281,4.414874046016281E8,100.0,2019,"{""type"":""MultiPoint"",""coordinates"":[]}"
1_1_1_1_1_0000000000000000001f,0,orbital-first calendar-month mean,ORBITAL_MONTHLY,424,7000 m dissertation-compatible AOI analysis scale; not the native Earth Engine L3 pixel size,7000.0,AOI_KRYVYI_RIH,NA_NO_VALID_FINAL_RASTER_DATA,pixelArea masked by final monthly pollutant raster,,approximately footprint-scale S5P/TROPOMI support; Earth Engine L3 grid spacing remains 1113.2 m,0,1113.2,424,2019-11,11,SO2,SO2_ORBITAL_MONTHLY_LEVEL1,native Earth Engine L3 SO2 ingestion QA retained; no additional qa_value or PRODUCT_QUALITY filter,EPSG:4326,SO2_column_number_density,COPERNICUS/S5P/OFFL/L3_SO2,424,NATIVE_L3_INGESTION_QA,0.0,0.0,0.0,0.0,0.0,0.0,1572566400000,per-pixel count of valid orbital L3 observations contributing to the monthly composite,,VALID_ORBITAL_OBSERVATIONS,441.4874046016281,4.414874046016281E8,0.0,0.0,0.0,0.0,2019,"{""type"":""MultiPoint"",""coordinates"":[]}"
1_1_1_1_1_00000000000000000020,698,daily-first calendar-month mean,DAILY_FIRST,425,Earth Engine L3 grid-scale AOI reduction,1113.2,AOI_KRYVYI_RIH,VALID,pixelArea masked by final monthly pollutant raster,30,CO source footprint is coarser than the 1113.2 m Earth Engine L3 grid; 1113.2 m is not interpreted as independent native spatial resolution,1,1113.2,425,2019-11,11,CO,CO_DAILY_FIRST,Earth Engine L3 CO ingestion validity mask retained; no additional pixel QA filter,EPSG:4326,CO_column_number_density,COPERNICUS/S5P/OFFL/L3_CO,425,NATIVE_L3_MASK,25.0,21.447885996937927,20.999999999999993,18.0,20.000000000000004,22.999999999999996,1572566400000,valid calendar days contributing to the monthly daily-first composite,0.7149295371463213,VALID_DAYS,441.4874046016281,4.414874046016281E8,1.0,441.4874046016281,4.414874046016281E8,100.0,2019,"{""type"":""MultiPoint"",""coordinates"":[]}"
1_1_1_1_1_0000000000000000001e,698,daily-first calendar-month mean,DAILY_FIRST,424,Earth Engine L3 grid-scale AOI reduction,1113.2,AOI_KRYVYI_RIH,VALID,pixelArea masked by final monthly pollutant raster,30,TROPOMI footprint is coarser than the 1113.2 m Earth Engine L3 grid; not treated as independent 1.1 km observations,1,1113.2,419,2019-11,11,NO2,NO2_DAILY_FIRST_LEVEL1,PRODUCT_QUALITY = NOMINAL; native Earth Engine L3 NO2 validity screening retained,EPSG:4326,tropospheric_NO2_column_number_density,COPERNICUS/S5P/OFFL/L3_NO2,419,PRODUCT_QUALITY_NOMINAL,16.0,13.553483099752675,13.999999999999998,11.0,12.0,14.999999999999995,1572566400000,valid calendar days contributing to the monthly daily-first composite,0.4517827730335428,VALID_DAYS,441.4874046016281,4.414874046016281E8,1.0,441.4874046016281,4.414874046016281E8,100.0,2019,"{""type"":""MultiPoint"",""coordinates"":[]}"
1_1_1_1_1_00000000000000000023,698,daily-first calendar-month mean,DAILY_FIRST,440,Earth Engine L3 grid-scale AOI reduction,1113.2,AOI_KRYVYI_RIH,VALID,pixelArea masked by final monthly pollutant raster,31,CO source footprint is coarser than the 1113.2 m Earth Engine L3 grid; 1113.2 m is not interpreted as independent native spatial resolution,1,1113.2,440,2019-12,12,CO,CO_DAILY_FIRST,Earth Engine L3 CO ingestion validity mask retained; no additional pixel QA filter,EPSG:4326,CO_column_number_density,COPERNICUS/S5P/OFFL/L3_CO,440,NATIVE_L3_MASK,25.0,20.78523583794606,21.000000000000004,16.0,19.000000000000004,23.0,1575158400000,valid calendar days contributing to the monthly daily-first composite,0.6704914736310416,VALID_DAYS,441.4874046016281,4.414874046016281E8,1.0,441.4874046016281,4.414874046016281E8,100.0,2019,"{""type"":""MultiPoint"",""coordinates"":[]}"
1_1_1_1_1_00000000000000000021,698,daily-first calendar-month mean,DAILY_FIRST,440,Earth Engine L3 grid-scale AOI reduction,1113.2,AOI_KRYVYI_RIH,VALID,pixelArea masked by final monthly pollutant raster,31,TROPOMI footprint is coarser than the 1113.2 m Earth Engine L3 grid; not treated as independent 1.1 km observations,1,1113.2,440,2019-12,12,NO2,NO2_DAILY_FIRST_LEVEL1,PRODUCT_QUALITY = NOMINAL; native Earth Engine L3 NO2 validity screening retained,EPSG:4326,tropospheric_NO2_column_number_density,COPERNICUS/S5P/OFFL/L3_NO2,440,PRODUCT_QUALITY_NOMINAL,10.0,7.169245377458485,8.0,3.0,4.999999999999999,8.0,1575158400000,valid calendar days contributing to the monthly daily-first composite,0.23126597302575244,VALID_DAYS,441.4874046016281,4.414874046016281E8,1.0,441.4874046016281,4.414874046016281E8,100.0,2019,"{""type"":""MultiPoint"",""coordinates"":[]}"
1_1_1_1_1_00000000000000000022,0,orbital-first calendar-month mean,ORBITAL_MONTHLY,441,7000 m dissertation-compatible AOI analysis scale; not the native Earth Engine L3 pixel size,7000.0,AOI_KRYVYI_RIH,NA_NO_VALID_FINAL_RASTER_DATA,pixelArea masked by final monthly pollutant raster,,approximately footprint-scale S5P/TROPOMI support; Earth Engine L3 grid spacing remains 1113.2 m,0,1113.2,441,2019-12,12,SO2,SO2_ORBITAL_MONTHLY_LEVEL1,native Earth Engine L3 SO2 ingestion QA retained; no additional qa_value or PRODUCT_QUALITY filter,EPSG:4326,SO2_column_number_density,COPERNICUS/S5P/OFFL/L3_SO2,441,NATIVE_L3_INGESTION_QA,0.0,0.0,0.0,0.0,0.0,0.0,1575158400000,per-pixel count of valid orbital L3 observations contributing to the monthly composite,,VALID_ORBITAL_OBSERVATIONS,441.4874046016281,4.414874046016281E8,0.0,0.0,0.0,0.0,2019,"{""type"":""MultiPoint"",""coordinates"":[]}"
1_1_1_1_2_00000000000000000000,698,daily-first calendar-month mean,DAILY_FIRST,439,Earth Engine L3 grid-scale AOI reduction,1113.2,AOI_KRYVYI_RIH,VALID,pixelArea masked by final monthly pollutant raster,31,TROPOMI footprint is coarser than the 1113.2 m Earth Engine L3 grid; not treated as independent 1.1 km observations,1,1113.2,436,2020-01,1,NO2,NO2_DAILY_FIRST_LEVEL1,PRODUCT_QUALITY = NOMINAL; native Earth Engine L3 NO2 validity screening retained,EPSG:4326,tropospheric_NO2_column_number_density,COPERNICUS/S5P/OFFL/L3_NO2,436,PRODUCT_QUALITY_NOMINAL,14.0,11.131389117889533,10.999999999999998,8.0,9.000000000000002,12.999999999999996,1577836800000,valid calendar days contributing to the monthly daily-first composite,0.3590770576176863,VALID_DAYS,441.48740460163515,4.4148740460163516E8,1.0,441.48740460163515,4.4148740460163516E8,100.0,2020,"{""type"":""MultiPoint"",""coordinates"":[]}"
1_1_1_1_2_00000000000000000001,0,orbital-first calendar-month mean,ORBITAL_MONTHLY,440,7000 m dissertation-compatible AOI analysis scale; not the native Earth Engine L3 pixel size,7000.0,AOI_KRYVYI_RIH,NA_NO_VALID_FINAL_RASTER_DATA,pixelArea masked by final monthly pollutant raster,,approximately footprint-scale S5P/TROPOMI support; Earth Engine L3 grid spacing remains 1113.2 m,0,1113.2,440,2020-01,1,SO2,SO2_ORBITAL_MONTHLY_LEVEL1,native Earth Engine L3 SO2 ingestion QA retained; no additional qa_value or PRODUCT_QUALITY filter,EPSG:4326,SO2_column_number_density,COPERNICUS/S5P/OFFL/L3_SO2,440,NATIVE_L3_INGESTION_QA,0.0,0.0,0.0,0.0,0.0,0.0,1577836800000,per-pixel count of valid orbital L3 observations contributing to the monthly composite,,VALID_ORBITAL_OBSERVATIONS,441.48740460163515,4.4148740460163516E8,0.0,0.0,0.0,0.0,2020,"{""type"":""MultiPoint"",""coordinates"":[]}"
1_1_1_1_2_00000000000000000002,698,daily-first calendar-month mean,DAILY_FIRST,440,Earth Engine L3 grid-scale AOI reduction,1113.2,AOI_KRYVYI_RIH,VALID,pixelArea masked by final monthly pollutant raster,31,CO source footprint is coarser than the 1113.2 m Earth Engine L3 grid; 1113.2 m is not interpreted as independent native spatial resolution,1,1113.2,440,2020-01,1,CO,CO_DAILY_FIRST,Earth Engine L3 CO ingestion validity mask retained; no additional pixel QA filter,EPSG:4326,CO_column_number_density,COPERNICUS/S5P/OFFL/L3_CO,440,NATIVE_L3_MASK,24.0,21.416139147332476,21.999999999999993,18.0,18.999999999999996,23.000000000000004,1577836800000,valid calendar days contributing to the monthly daily-first composite,0.690843192278065,VALID_DAYS,441.48740460163515,4.4148740460163516E8,1.0,441.48740460163515,4.4148740460163516E8,100.0,2020,"{""type"":""MultiPoint"",""coordinates"":[]}"
1_1_1_1_2_00000000000000000005,698,daily-first calendar-month mean,DAILY_FIRST,409,Earth Engine L3 grid-scale AOI reduction,1113.2,AOI_KRYVYI_RIH,VALID,pixelArea masked by final monthly pollutant raster,29,CO source footprint is coarser than the 1113.2 m Earth Engine L3 grid; 1113.2 m is not interpreted as independent native spatial resolution,1,1113.2,409,2020-02,2,CO,CO_DAILY_FIRST,Earth Engine L3 CO ingestion validity mask retained; no additional pixel QA filter,EPSG:4326,CO_column_number_density,COPERNICUS/S5P/OFFL/L3_CO,409,NATIVE_L3_MASK,19.0,16.183915322105758,16.0,12.0,13.999999999999991,18.0,1580515200000,valid calendar days contributing to the monthly daily-first composite,0.5580660400359582,VALID_DAYS,441.48740460163515,4.4148740460163516E8,1.0,441.48740460163515,4.4148740460163516E8,100.0,2020,"{""type"":""MultiPoint"",""coordinates"":[]}"
1_1_1_1_2_00000000000000000004,33,orbital-first calendar-month mean,ORBITAL_MONTHLY,409,7000 m dissertation-compatible AOI analysis scale; not the native Earth Engine L3 pixel size,7000.0,AOI_KRYVYI_RIH,VALID,pixelArea masked by final monthly pollutant raster,,approximately footprint-scale S5P/TROPOMI support; Earth Engine L3 grid spacing remains 1113.2 m,1,1113.2,409,2020-02,2,SO2,SO2_ORBITAL_MONTHLY_LEVEL1,native Earth Engine L3 SO2 ingestion QA retained; no additional qa_value or PRODUCT_QUALITY filter,EPSG:4326,SO2_column_number_density,COPERNICUS/S5P/OFFL/L3_SO2,409,NATIVE_L3_INGESTION_QA,7.0,4.247318063206727,4.0,2.0,4.0,5.0,1580515200000,per-pixel count of valid orbital L3 observations contributing to the monthly composite,,VALID_ORBITAL_OBSERVATIONS,441.48740460163515,4.4148740460163516E8,1.0,441.48740460163515,4.4148740460163516E8,100.0,2020,"{""type"":""MultiPoint"",""coordinates"":[]}"
1_1_1_1_2_00000000000000000003,698,daily-first calendar-month mean,DAILY_FIRST,407,Earth Engine L3 grid-scale AOI reduction,1113.2,AOI_KRYVYI_RIH,VALID,pixelArea masked by final monthly pollutant raster,29,TROPOMI footprint is coarser than the 1113.2 m Earth Engine L3 grid; not treated as independent 1.1 km observations,1,1113.2,407,2020-02,2,NO2,NO2_DAILY_FIRST_LEVEL1,PRODUCT_QUALITY = NOMINAL; native Earth Engine L3 NO2 validity screening retained,EPSG:4326,tropospheric_NO2_column_number_density,COPERNICUS/S5P/OFFL/L3_NO2,407,PRODUCT_QUALITY_NOMINAL,14.0,10.72903662701684,10.999999999999998,8.0,8.999999999999996,12.999999999999998,1580515200000,valid calendar days contributing to the monthly daily-first composite,0.36996678109611486,VALID_DAYS,441.48740460163515,4.4148740460163516E8,1.0,441.48740460163515,4.4148740460163516E8,100.0,2020,"{""type"":""MultiPoint"",""coordinates"":[]}"
1_1_1_1_2_00000000000000000008,698,daily-first calendar-month mean,DAILY_FIRST,440,Earth Engine L3 grid-scale AOI reduction,1113.2,AOI_KRYVYI_RIH,VALID,pixelArea masked by final monthly pollutant raster,31,CO source footprint is coarser than the 1113.2 m Earth Engine L3 grid; 1113.2 m is not interpreted as independent native spatial resolution,1,1113.2,440,2020-03,3,CO,CO_DAILY_FIRST,Earth Engine L3 CO ingestion validity mask retained; no additional pixel QA filter,EPSG:4326,CO_column_number_density,COPERNICUS/S5P/OFFL/L3_CO,440,NATIVE_L3_MASK,25.0,19.62890855022965,19.999999999999993,17.0,18.000000000000007,20.999999999999993,1583020800000,valid calendar days contributing to the monthly daily-first composite,0.6331905955537593,VALID_DAYS,441.48740460163515,4.4148740460163516E8,1.0,441.48740460163515,4.4148740460163516E8,100.0,2020,"{""type"":""MultiPoint"",""coordinates"":[]}"
1_1_1_1_2_00000000000000000007,33,orbital-first calendar-month mean,ORBITAL_MONTHLY,440,7000 m dissertation-compatible AOI analysis scale; not the native Earth Engine L3 pixel size,7000.0,AOI_KRYVYI_RIH,VALID,pixelArea masked by final monthly pollutant raster,,approximately footprint-scale S5P/TROPOMI support; Earth Engine L3 grid spacing remains 1113.2 m,1,1113.2,440,2020-03,3,SO2,SO2_ORBITAL_MONTHLY_LEVEL1,native Earth Engine L3 SO2 ingestion QA retained; no additional qa_value or PRODUCT_QUALITY filter,EPSG:4326,SO2_column_number_density,COPERNICUS/S5P/OFFL/L3_SO2,440,NATIVE_L3_INGESTION_QA,35.0,30.76746883154538,31.0,28.0,29.0,33.0,1583020800000,per-pixel count of valid orbital L3 observations contributing to the monthly composite,,VALID_ORBITAL_OBSERVATIONS,441.48740460163515,4.4148740460163516E8,1.0,441.48740460163515,4.4148740460163516E8,100.0,2020,"{""type"":""MultiPoint"",""coordinates"":[]}"
1_1_1_1_2_00000000000000000006,698,daily-first calendar-month mean,DAILY_FIRST,440,Earth Engine L3 grid-scale AOI reduction,1113.2,AOI_KRYVYI_RIH,VALID,pixelArea masked by final monthly pollutant raster,31,TROPOMI footprint is coarser than the 1113.2 m Earth Engine L3 grid; not treated as independent 1.1 km observations,1,1113.2,440,2020-03,3,NO2,NO2_DAILY_FIRST_LEVEL1,PRODUCT_QUALITY = NOMINAL; native Earth Engine L3 NO2 validity screening retained,EPSG:4326,tropospheric_NO2_column_number_density,COPERNICUS/S5P/OFFL/L3_NO2,440,PRODUCT_QUALITY_NOMINAL,22.0,19.33350017665764,19.0,18.0,18.0,20.999999999999996,1583020800000,valid calendar days contributing to the monthly daily-first composite,0.6236612935094333,VALID_DAYS,441.48740460163515,4.4148740460163516E8,1.0,441.48740460163515,4.4148740460163516E8,100.0,2020,"{""type"":""MultiPoint"",""coordinates"":[]}"
1_1_1_1_2_00000000000000000009,698,daily-first calendar-month mean,DAILY_FIRST,425,Earth Engine L3 grid-scale AOI reduction,1113.2,AOI_KRYVYI_RIH,VALID,pixelArea masked by final monthly pollutant raster,30,TROPOMI footprint is coarser than the 1113.2 m Earth Engine L3 grid; not treated as independent 1.1 km observations,1,1113.2,425,2020-04,4,NO2,NO2_DAILY_FIRST_LEVEL1,PRODUCT_QUALITY = NOMINAL; native Earth Engine L3 NO2 validity screening retained,EPSG:4326,tropospheric_NO2_column_number_density,COPERNICUS/S5P/OFFL/L3_NO2,425,PRODUCT_QUALITY_NOMINAL,25.0,21.309658756330208,21.000000000000007,19.0,20.0,23.0,1585699200000,valid calendar days contributing to the monthly daily-first composite,0.7103219629742378,VALID_DAYS,441.48740460163515,4.4148740460163516E8,1.0,441.48740460163515,4.4148740460163516E8,100.0,2020,"{""type"":""MultiPoint"",""coordinates"":[]}"
1_1_1_1_2_0000000000000000000a,33,orbital-first calendar-month mean,ORBITAL_MONTHLY,425,7000 m dissertation-compatible AOI analysis scale; not the native Earth Engine L3 pixel size,7000.0,AOI_KRYVYI_RIH,VALID,pixelArea masked by final monthly pollutant raster,,approximately footprint-scale S5P/TROPOMI support; Earth Engine L3 grid spacing remains 1113.2 m,1,1113.2,425,2020-04,4,SO2,SO2_ORBITAL_MONTHLY_LEVEL1,native Earth Engine L3 SO2 ingestion QA retained; no additional qa_value or PRODUCT_QUALITY filter,EPSG:4326,SO2_column_number_density,COPERNICUS/S5P/OFFL/L3_SO2,425,NATIVE_L3_INGESTION_QA,39.0,36.77993621339519,37.0,33.0,35.0,38.0,1585699200000,per-pixel count of valid orbital L3 observations contributing to the monthly composite,,VALID_ORBITAL_OBSERVATIONS,441.48740460163515,4.4148740460163516E8,1.0,441.48740460163515,4.4148740460163516E8,100.0,2020,"{""type"":""MultiPoint"",""coordinates"":[]}"
1_1_1_1_2_0000000000000000000b,698,daily-first calendar-month mean,DAILY_FIRST,425,Earth Engine L3 grid-scale AOI reduction,1113.2,AOI_KRYVYI_RIH,VALID,pixelArea masked by final monthly pollutant raster,30,CO source footprint is coarser than the 1113.2 m Earth Engine L3 grid; 1113.2 m is not interpreted as independent native spatial resolution,1,1113.2,425,2020-04,4,CO,CO_DAILY_FIRST,Earth Engine L3 CO ingestion validity mask retained; no additional pixel QA filter,EPSG:4326,CO_column_number_density,COPERNICUS/S5P/OFFL/L3_CO,425,NATIVE_L3_MASK,28.0,24.177275939229776,24.000000000000014,20.0,22.0,26.00000000000001,1585699200000,valid calendar days contributing to the monthly daily-first composite,0.8059091947116367,VALID_DAYS,441.48740460163515,4.4148740460163516E8,1.0,441.48740460163515,4.4148740460163516E8,100.0,2020,"{""type"":""MultiPoint"",""coordinates"":[]}"
1_1_1_1_2_0000000000000000000c,698,daily-first calendar-month mean,DAILY_FIRST,438,Earth Engine L3 grid-scale AOI reduction,1113.2,AOI_KRYVYI_RIH,VALID,pixelArea masked by final monthly pollutant raster,31,TROPOMI footprint is coarser than the 1113.2 m Earth Engine L3 grid; not treated as independent 1.1 km observations,1,1113.2,438,2020-05,5,NO2,NO2_DAILY_FIRST_LEVEL1,PRODUCT_QUALITY = NOMINAL; native Earth Engine L3 NO2 validity screening retained,EPSG:4326,tropospheric_NO2_column_number_density,COPERNICUS/S5P/OFFL/L3_NO2,438,PRODUCT_QUALITY_NOMINAL,10.0,6.479043987751733,6.000000000000003,4.0,5.0,8.0,1588291200000,valid calendar days contributing to the monthly daily-first composite,0.2090014127310058,VALID_DAYS,441.48740460163515,4.4148740460163516E8,1.0,441.48740460163515,4.4148740460163516E8,100.0,2020,"{""type"":""MultiPoint"",""coordinates"":[]}"
1_1_1_1_2_0000000000000000000d,33,orbital-first calendar-month mean,ORBITAL_MONTHLY,436,7000 m dissertation-compatible AOI analysis scale; not the native Earth Engine L3 pixel size,7000.0,AOI_KRYVYI_RIH,VALID,pixelArea masked by final monthly pollutant raster,,approximately footprint-scale S5P/TROPOMI support; Earth Engine L3 grid spacing remains 1113.2 m,1,1113.2,436,2020-05,5,SO2,SO2_ORBITAL_MONTHLY_LEVEL1,native Earth Engine L3 SO2 ingestion QA retained; no additional qa_value or PRODUCT_QUALITY filter,EPSG:4326,SO2_column_number_density,COPERNICUS/S5P/OFFL/L3_SO2,436,NATIVE_L3_INGESTION_QA,21.0,17.978254566541025,18.0,15.0,16.0,20.0,1588291200000,per-pixel count of valid orbital L3 observations contributing to the monthly composite,,VALID_ORBITAL_OBSERVATIONS,441.48740460163515,4.4148740460163516E8,1.0,441.48740460163515,4.4148740460163516E8,100.0,2020,"{""type"":""MultiPoint"",""coordinates"":[]}"
1_1_1_1_2_0000000000000000000e,698,daily-first calendar-month mean,DAILY_FIRST,438,Earth Engine L3 grid-scale AOI reduction,1113.2,AOI_KRYVYI_RIH,VALID,pixelArea masked by final monthly pollutant raster,31,CO source footprint is coarser than the 1113.2 m Earth Engine L3 grid; 1113.2 m is not interpreted as independent native spatial resolution,1,1113.2,438,2020-05,5,CO,CO_DAILY_FIRST,Earth Engine L3 CO ingestion validity mask retained; no additional pixel QA filter,EPSG:4326,CO_column_number_density,COPERNICUS/S5P/OFFL/L3_CO,438,NATIVE_L3_MASK,18.0,12.781040219055468,13.0,8.0,10.0,15.000000000000004,1588291200000,valid calendar days contributing to the monthly daily-first composite,0.41229160804577464,VALID_DAYS,441.48740460163515,4.4148740460163516E8,1.0,441.48740460163515,4.4148740460163516E8,100.0,2020,"{""type"":""MultiPoint"",""coordinates"":[]}"
1_1_1_1_2_00000000000000000011,698,daily-first calendar-month mean,DAILY_FIRST,426,Earth Engine L3 grid-scale AOI reduction,1113.2,AOI_KRYVYI_RIH,VALID,pixelArea masked by final monthly pollutant raster,30,CO source footprint is coarser than the 1113.2 m Earth Engine L3 grid; 1113.2 m is not interpreted as independent native spatial resolution,1,1113.2,426,2020-06,6,CO,CO_DAILY_FIRST,Earth Engine L3 CO ingestion validity mask retained; no additional pixel QA filter,EPSG:4326,CO_column_number_density,COPERNICUS/S5P/OFFL/L3_CO,426,NATIVE_L3_MASK,27.0,23.830121599340476,23.999999999999993,20.0,22.000000000000004,24.99999999999999,1590969600000,valid calendar days contributing to the monthly daily-first composite,0.7943373840706304,VALID_DAYS,441.48740460163515,4.4148740460163516E8,1.0,441.48740460163515,4.4148740460163516E8,100.0,2020,"{""type"":""MultiPoint"",""coordinates"":[]}"
1_1_1_1_2_0000000000000000000f,698,daily-first calendar-month mean,DAILY_FIRST,425,Earth Engine L3 grid-scale AOI reduction,1113.2,AOI_KRYVYI_RIH,VALID,pixelArea masked by final monthly pollutant raster,30,TROPOMI footprint is coarser than the 1113.2 m Earth Engine L3 grid; not treated as independent 1.1 km observations,1,1113.2,425,2020-06,6,NO2,NO2_DAILY_FIRST_LEVEL1,PRODUCT_QUALITY = NOMINAL; native Earth Engine L3 NO2 validity screening retained,EPSG:4326,tropospheric_NO2_column_number_density,COPERNICUS/S5P/OFFL/L3_NO2,425,PRODUCT_QUALITY_NOMINAL,20.0,16.96843716876693,16.999999999999993,13.0,14.999999999999995,19.000000000000004,1590969600000,valid calendar days contributing to the monthly daily-first composite,0.5656145810618068,VALID_DAYS,441.48740460163515,4.4148740460163516E8,1.0,441.48740460163515,4.4148740460163516E8,100.0,2020,"{""type"":""MultiPoint"",""coordinates"":[]}"
1_1_1_1_2_00000000000000000010,33,orbital-first calendar-month mean,ORBITAL_MONTHLY,426,7000 m dissertation-compatible AOI analysis scale; not the native Earth Engine L3 pixel size,7000.0,AOI_KRYVYI_RIH,VALID,pixelArea masked by final monthly pollutant raster,,approximately footprint-scale S5P/TROPOMI support; Earth Engine L3 grid spacing remains 1113.2 m,1,1113.2,426,2020-06,6,SO2,SO2_ORBITAL_MONTHLY_LEVEL1,native Earth Engine L3 SO2 ingestion QA retained; no additional qa_value or PRODUCT_QUALITY filter,EPSG:4326,SO2_column_number_density,COPERNICUS/S5P/OFFL/L3_SO2,426,NATIVE_L3_INGESTION_QA,35.0,31.957089011307623,32.0,29.0,29.0,34.0,1590969600000,per-pixel count of valid orbital L3 observations contributing to the monthly composite,,VALID_ORBITAL_OBSERVATIONS,441.48740460163515,4.4148740460163516E8,1.0,441.48740460163515,4.4148740460163516E8,100.0,2020,"{""type"":""MultiPoint"",""coordinates"":[]}"
1_1_1_1_2_00000000000000000014,698,daily-first calendar-month mean,DAILY_FIRST,439,Earth Engine L3 grid-scale AOI reduction,1113.2,AOI_KRYVYI_RIH,VALID,pixelArea masked by final monthly pollutant raster,31,CO source footprint is coarser than the 1113.2 m Earth Engine L3 grid; 1113.2 m is not interpreted as independent native spatial resolution,1,1113.2,439,2020-07,7,CO,CO_DAILY_FIRST,Earth Engine L3 CO ingestion validity mask retained; no additional pixel QA filter,EPSG:4326,CO_column_number_density,COPERNICUS/S5P/OFFL/L3_CO,439,NATIVE_L3_MASK,29.0,26.746731833706278,27.000000000000014,24.0,25.999999999999996,28.00000000000001,1593561600000,valid calendar days contributing to the monthly daily-first composite,0.8627977915386357,VALID_DAYS,441.48740460163515,4.4148740460163516E8,1.0,441.48740460163515,4.4148740460163516E8,100.0,2020,"{""type"":""MultiPoint"",""coordinates"":[]}"
1_1_1_1_2_00000000000000000012,698,daily-first calendar-month mean,DAILY_FIRST,439,Earth Engine L3 grid-scale AOI reduction,1113.2,AOI_KRYVYI_RIH,VALID,pixelArea masked by final monthly pollutant raster,31,TROPOMI footprint is coarser than the 1113.2 m Earth Engine L3 grid; not treated as independent 1.1 km observations,1,1113.2,439,2020-07,7,NO2,NO2_DAILY_FIRST_LEVEL1,PRODUCT_QUALITY = NOMINAL; native Earth Engine L3 NO2 validity screening retained,EPSG:4326,tropospheric_NO2_column_number_density,COPERNICUS/S5P/OFFL/L3_NO2,439,PRODUCT_QUALITY_NOMINAL,26.0,21.938640913908824,21.999999999999993,16.0,20.0,24.0,1593561600000,valid calendar days contributing to the monthly daily-first composite,0.7076980893304586,VALID_DAYS,441.48740460163515,4.4148740460163516E8,1.0,441.48740460163515,4.4148740460163516E8,100.0,2020,"{""type"":""MultiPoint"",""coordinates"":[]}"
1_1_1_1_2_00000000000000000013,33,orbital-first calendar-month mean,ORBITAL_MONTHLY,439,7000 m dissertation-compatible AOI analysis scale; not the native Earth Engine L3 pixel size,7000.0,AOI_KRYVYI_RIH,VALID,pixelArea masked by final monthly pollutant raster,,approximately footprint-scale S5P/TROPOMI support; Earth Engine L3 grid spacing remains 1113.2 m,1,1113.2,439,2020-07,7,SO2,SO2_ORBITAL_MONTHLY_LEVEL1,native Earth Engine L3 SO2 ingestion QA retained; no additional qa_value or PRODUCT_QUALITY filter,EPSG:4326,SO2_column_number_density,COPERNICUS/S5P/OFFL/L3_SO2,439,NATIVE_L3_INGESTION_QA,36.0,33.809220063786604,34.0,31.0,31.0,35.0,1593561600000,per-pixel count of valid orbital L3 observations contributing to the monthly composite,,VALID_ORBITAL_OBSERVATIONS,441.48740460163515,4.4148740460163516E8,1.0,441.48740460163515,4.4148740460163516E8,100.0,2020,"{""type"":""MultiPoint"",""coordinates"":[]}"
1_1_1_1_2_00000000000000000016,33,orbital-first calendar-month mean,ORBITAL_MONTHLY,436,7000 m dissertation-compatible AOI analysis scale; not the native Earth Engine L3 pixel size,7000.0,AOI_KRYVYI_RIH,VALID,pixelArea masked by final monthly pollutant raster,,approximately footprint-scale S5P/TROPOMI support; Earth Engine L3 grid spacing remains 1113.2 m,1,1113.2,436,2020-08,8,SO2,SO2_ORBITAL_MONTHLY_LEVEL1,native Earth Engine L3 SO2 ingestion QA retained; no additional qa_value or PRODUCT_QUALITY filter,EPSG:4326,SO2_column_number_density,COPERNICUS/S5P/OFFL/L3_SO2,436,NATIVE_L3_INGESTION_QA,33.0,31.13975065236301,31.0,29.0,30.0,33.0,1596240000000,per-pixel count of valid orbital L3 observations contributing to the monthly composite,,VALID_ORBITAL_OBSERVATIONS,441.48740460163515,4.4148740460163516E8,1.0,441.48740460163515,4.4148740460163516E8,100.0,2020,"{""type"":""MultiPoint"",""coordinates"":[]}"
1_1_1_1_2_00000000000000000017,698,daily-first calendar-month mean,DAILY_FIRST,438,Earth Engine L3 grid-scale AOI reduction,1113.2,AOI_KRYVYI_RIH,VALID,pixelArea masked by final monthly pollutant raster,31,CO source footprint is coarser than the 1113.2 m Earth Engine L3 grid; 1113.2 m is not interpreted as independent native spatial resolution,1,1113.2,438,2020-08,8,CO,CO_DAILY_FIRST,Earth Engine L3 CO ingestion validity mask retained; no additional pixel QA filter,EPSG:4326,CO_column_number_density,COPERNICUS/S5P/OFFL/L3_CO,438,NATIVE_L3_MASK,29.0,26.905488163938283,27.000000000000004,24.0,24.999999999999993,27.999999999999993,1596240000000,valid calendar days contributing to the monthly daily-first composite,0.8679189638010594,VALID_DAYS,441.48740460163515,4.4148740460163516E8,1.0,441.48740460163515,4.4148740460163516E8,100.0,2020,"{""type"":""MultiPoint"",""coordinates"":[]}"
1_1_1_1_2_00000000000000000015,698,daily-first calendar-month mean,DAILY_FIRST,437,Earth Engine L3 grid-scale AOI reduction,1113.2,AOI_KRYVYI_RIH,VALID,pixelArea masked by final monthly pollutant raster,31,TROPOMI footprint is coarser than the 1113.2 m Earth Engine L3 grid; not treated as independent 1.1 km observations,1,1113.2,437,2020-08,8,NO2,NO2_DAILY_FIRST_LEVEL1,PRODUCT_QUALITY = NOMINAL; native Earth Engine L3 NO2 validity screening retained,EPSG:4326,tropospheric_NO2_column_number_density,COPERNICUS/S5P/OFFL/L3_NO2,437,PRODUCT_QUALITY_NOMINAL,26.0,22.636431221293137,22.999999999999993,19.0,21.000000000000004,24.0,1596240000000,valid calendar days contributing to the monthly daily-first composite,0.7302074511678601,VALID_DAYS,441.48740460163515,4.4148740460163516E8,1.0,441.48740460163515,4.4148740460163516E8,100.0,2020,"{""type"":""MultiPoint"",""coordinates"":[]}"
1_1_1_1_2_00000000000000000018,698,daily-first calendar-month mean,DAILY_FIRST,425,Earth Engine L3 grid-scale AOI reduction,1113.2,AOI_KRYVYI_RIH,VALID,pixelArea masked by final monthly pollutant raster,30,TROPOMI footprint is coarser than the 1113.2 m Earth Engine L3 grid; not treated as independent 1.1 km observations,1,1113.2,425,2020-09,9,NO2,NO2_DAILY_FIRST_LEVEL1,PRODUCT_QUALITY = NOMINAL; native Earth Engine L3 NO2 validity screening retained,EPSG:4326,tropospheric_NO2_column_number_density,COPERNICUS/S5P/OFFL/L3_NO2,425,PRODUCT_QUALITY_NOMINAL,26.0,24.86180956306679,25.0,23.0,24.000000000000004,25.0,1598918400000,valid calendar days contributing to the monthly daily-first composite,0.8287269708570721,VALID_DAYS,441.48740460163515,4.4148740460163516E8,1.0,441.48740460163515,4.4148740460163516E8,100.0,2020,"{""type"":""MultiPoint"",""coordinates"":[]}"
1_1_1_1_2_00000000000000000019,33,orbital-first calendar-month mean,ORBITAL_MONTHLY,424,7000 m dissertation-compatible AOI analysis scale; not the native Earth Engine L3 pixel size,7000.0,AOI_KRYVYI_RIH,VALID,pixelArea masked by final monthly pollutant raster,,approximately footprint-scale S5P/TROPOMI support; Earth Engine L3 grid spacing remains 1113.2 m,1,1113.2,424,2020-09,9,SO2,SO2_ORBITAL_MONTHLY_LEVEL1,native Earth Engine L3 SO2 ingestion QA retained; no additional qa_value or PRODUCT_QUALITY filter,EPSG:4326,SO2_column_number_density,COPERNICUS/S5P/OFFL/L3_SO2,424,NATIVE_L3_INGESTION_QA,37.0,35.44041751232241,36.0,33.0,34.0,36.0,1598918400000,per-pixel count of valid orbital L3 observations contributing to the monthly composite,,VALID_ORBITAL_OBSERVATIONS,441.48740460163515,4.4148740460163516E8,1.0,441.48740460163515,4.4148740460163516E8,100.0,2020,"{""type"":""MultiPoint"",""coordinates"":[]}"
1_1_1_1_2_0000000000000000001a,698,daily-first calendar-month mean,DAILY_FIRST,425,Earth Engine L3 grid-scale AOI reduction,1113.2,AOI_KRYVYI_RIH,VALID,pixelArea masked by final monthly pollutant raster,30,CO source footprint is coarser than the 1113.2 m Earth Engine L3 grid; 1113.2 m is not interpreted as independent native spatial resolution,1,1113.2,425,2020-09,9,CO,CO_DAILY_FIRST,Earth Engine L3 CO ingestion validity mask retained; no additional pixel QA filter,EPSG:4326,CO_column_number_density,COPERNICUS/S5P/OFFL/L3_CO,425,NATIVE_L3_MASK,27.0,24.26405164291602,23.999999999999996,21.0,23.000000000000004,25.999999999999996,1598918400000,valid calendar days contributing to the monthly daily-first composite,0.808801718768267,VALID_DAYS,441.48740460163515,4.4148740460163516E8,1.0,441.48740460163515,4.4148740460163516E8,100.0,2020,"{""type"":""MultiPoint"",""coordinates"":[]}"
1_1_1_1_2_0000000000000000001d,698,daily-first calendar-month mean,DAILY_FIRST,440,Earth Engine L3 grid-scale AOI reduction,1113.2,AOI_KRYVYI_RIH,VALID,pixelArea masked by final monthly pollutant raster,31,CO source footprint is coarser than the 1113.2 m Earth Engine L3 grid; 1113.2 m is not interpreted as independent native spatial resolution,1,1113.2,440,2020-10,10,CO,CO_DAILY_FIRST,Earth Engine L3 CO ingestion validity mask retained; no additional pixel QA filter,EPSG:4326,CO_column_number_density,COPERNICUS/S5P/OFFL/L3_CO,440,NATIVE_L3_MASK,20.0,14.572186727122828,14.999999999999991,11.0,11.999999999999998,17.000000000000004,1601510400000,valid calendar days contributing to the monthly daily-first composite,0.4700705282806475,VALID_DAYS,441.48740460163515,4.4148740460163516E8,1.0,441.48740460163515,4.4148740460163516E8,100.0,2020,"{""type"":""MultiPoint"",""coordinates"":[]}"
1_1_1_1_2_0000000000000000001c,33,orbital-first calendar-month mean,ORBITAL_MONTHLY,439,7000 m dissertation-compatible AOI analysis scale; not the native Earth Engine L3 pixel size,7000.0,AOI_KRYVYI_RIH,VALID,pixelArea masked by final monthly pollutant raster,,approximately footprint-scale S5P/TROPOMI support; Earth Engine L3 grid spacing remains 1113.2 m,1,1113.2,439,2020-10,10,SO2,SO2_ORBITAL_MONTHLY_LEVEL1,native Earth Engine L3 SO2 ingestion QA retained; no additional qa_value or PRODUCT_QUALITY filter,EPSG:4326,SO2_column_number_density,COPERNICUS/S5P/OFFL/L3_SO2,439,NATIVE_L3_INGESTION_QA,18.0,15.068135691504782,15.0,12.0,14.0,16.0,1601510400000,per-pixel count of valid orbital L3 observations contributing to the monthly composite,,VALID_ORBITAL_OBSERVATIONS,441.48740460163515,4.4148740460163516E8,1.0,441.48740460163515,4.4148740460163516E8,100.0,2020,"{""type"":""MultiPoint"",""coordinates"":[]}"
1_1_1_1_2_0000000000000000001b,698,daily-first calendar-month mean,DAILY_FIRST,440,Earth Engine L3 grid-scale AOI reduction,1113.2,AOI_KRYVYI_RIH,VALID,pixelArea masked by final monthly pollutant raster,31,TROPOMI footprint is coarser than the 1113.2 m Earth Engine L3 grid; not treated as independent 1.1 km observations,1,1113.2,440,2020-10,10,NO2,NO2_DAILY_FIRST_LEVEL1,PRODUCT_QUALITY = NOMINAL; native Earth Engine L3 NO2 validity screening retained,EPSG:4326,tropospheric_NO2_column_number_density,COPERNICUS/S5P/OFFL/L3_NO2,440,PRODUCT_QUALITY_NOMINAL,23.0,18.936395889765627,18.999999999999996,15.0,17.000000000000004,21.000000000000004,1601510400000,valid calendar days contributing to the monthly daily-first composite,0.6108514791067823,VALID_DAYS,441.48740460163515,4.4148740460163516E8,1.0,441.48740460163515,4.4148740460163516E8,100.0,2020,"{""type"":""MultiPoint"",""coordinates"":[]}"
1_1_1_1_2_0000000000000000001e,698,daily-first calendar-month mean,DAILY_FIRST,425,Earth Engine L3 grid-scale AOI reduction,1113.2,AOI_KRYVYI_RIH,VALID,pixelArea masked by final monthly pollutant raster,30,TROPOMI footprint is coarser than the 1113.2 m Earth Engine L3 grid; not treated as independent 1.1 km observations,1,1113.2,423,2020-11,11,NO2,NO2_DAILY_FIRST_LEVEL1,PRODUCT_QUALITY = NOMINAL; native Earth Engine L3 NO2 validity screening retained,EPSG:4326,tropospheric_NO2_column_number_density,COPERNICUS/S5P/OFFL/L3_NO2,423,PRODUCT_QUALITY_NOMINAL,11.0,8.968157460840892,9.0,7.0,8.0,9.999999999999993,1604188800000,valid calendar days contributing to the monthly daily-first composite,0.29893859353389424,VALID_DAYS,441.48740460163515,4.4148740460163516E8,1.0,441.48740460163515,4.4148740460163516E8,100.0,2020,"{""type"":""MultiPoint"",""coordinates"":[]}"
1_1_1_1_2_00000000000000000020,698,daily-first calendar-month mean,DAILY_FIRST,425,Earth Engine L3 grid-scale AOI reduction,1113.2,AOI_KRYVYI_RIH,VALID,pixelArea masked by final monthly pollutant raster,30,CO source footprint is coarser than the 1113.2 m Earth Engine L3 grid; 1113.2 m is not interpreted as independent native spatial resolution,1,1113.2,425,2020-11,11,CO,CO_DAILY_FIRST,Earth Engine L3 CO ingestion validity mask retained; no additional pixel QA filter,EPSG:4326,CO_column_number_density,COPERNICUS/S5P/OFFL/L3_CO,425,NATIVE_L3_MASK,26.0,21.49405252620422,21.99999999999999,18.0,19.0,23.000000000000004,1604188800000,valid calendar days contributing to the monthly daily-first composite,0.7164684208023314,VALID_DAYS,441.48740460163515,4.4148740460163516E8,1.0,441.48740460163515,4.4148740460163516E8,100.0,2020,"{""type"":""MultiPoint"",""coordinates"":[]}"
1_1_1_1_2_0000000000000000001f,0,orbital-first calendar-month mean,ORBITAL_MONTHLY,424,7000 m dissertation-compatible AOI analysis scale; not the native Earth Engine L3 pixel size,7000.0,AOI_KRYVYI_RIH,NA_NO_VALID_FINAL_RASTER_DATA,pixelArea masked by final monthly pollutant raster,,approximately footprint-scale S5P/TROPOMI support; Earth Engine L3 grid spacing remains 1113.2 m,0,1113.2,424,2020-11,11,SO2,SO2_ORBITAL_MONTHLY_LEVEL1,native Earth Engine L3 SO2 ingestion QA retained; no additional qa_value or PRODUCT_QUALITY filter,EPSG:4326,SO2_column_number_density,COPERNICUS/S5P/OFFL/L3_SO2,424,NATIVE_L3_INGESTION_QA,0.0,0.0,0.0,0.0,0.0,0.0,1604188800000,per-pixel count of valid orbital L3 observations contributing to the monthly composite,,VALID_ORBITAL_OBSERVATIONS,441.48740460163515,4.4148740460163516E8,0.0,0.0,0.0,0.0,2020,"{""type"":""MultiPoint"",""coordinates"":[]}"
1_1_1_1_2_00000000000000000021,698,daily-first calendar-month mean,DAILY_FIRST,438,Earth Engine L3 grid-scale AOI reduction,1113.2,AOI_KRYVYI_RIH,VALID,pixelArea masked by final monthly pollutant raster,31,TROPOMI footprint is coarser than the 1113.2 m Earth Engine L3 grid; not treated as independent 1.1 km observations,1,1113.2,438,2020-12,12,NO2,NO2_DAILY_FIRST_LEVEL1,PRODUCT_QUALITY = NOMINAL; native Earth Engine L3 NO2 validity screening retained,EPSG:4326,tropospheric_NO2_column_number_density,COPERNICUS/S5P/OFFL/L3_NO2,438,PRODUCT_QUALITY_NOMINAL,5.0,4.2096852549758585,4.0,3.0,3.0,5.0,1606780800000,valid calendar days contributing to the monthly daily-first composite,0.1357962945005633,VALID_DAYS,441.48740460163515,4.4148740460163516E8,1.0,441.48740460163515,4.4148740460163516E8,100.0,2020,"{""type"":""MultiPoint"",""coordinates"":[]}"
1_1_1_1_2_00000000000000000023,698,daily-first calendar-month mean,DAILY_FIRST,438,Earth Engine L3 grid-scale AOI reduction,1113.2,AOI_KRYVYI_RIH,VALID,pixelArea masked by final monthly pollutant raster,31,CO source footprint is coarser than the 1113.2 m Earth Engine L3 grid; 1113.2 m is not interpreted as independent native spatial resolution,1,1113.2,438,2020-12,12,CO,CO_DAILY_FIRST,Earth Engine L3 CO ingestion validity mask retained; no additional pixel QA filter,EPSG:4326,CO_column_number_density,COPERNICUS/S5P/OFFL/L3_CO,438,NATIVE_L3_MASK,22.0,19.420320044753286,19.999999999999996,16.0,17.000000000000004,21.00000000000001,1606780800000,valid calendar days contributing to the monthly daily-first composite,0.6264619316768415,VALID_DAYS,441.48740460163515,4.4148740460163516E8,1.0,441.48740460163515,4.4148740460163516E8,100.0,2020,"{""type"":""MultiPoint"",""coordinates"":[]}"
1_1_1_1_2_00000000000000000022,0,orbital-first calendar-month mean,ORBITAL_MONTHLY,438,7000 m dissertation-compatible AOI analysis scale; not the native Earth Engine L3 pixel size,7000.0,AOI_KRYVYI_RIH,NA_NO_VALID_FINAL_RASTER_DATA,pixelArea masked by final monthly pollutant raster,,approximately footprint-scale S5P/TROPOMI support; Earth Engine L3 grid spacing remains 1113.2 m,0,1113.2,438,2020-12,12,SO2,SO2_ORBITAL_MONTHLY_LEVEL1,native Earth Engine L3 SO2 ingestion QA retained; no additional qa_value or PRODUCT_QUALITY filter,EPSG:4326,SO2_column_number_density,COPERNICUS/S5P/OFFL/L3_SO2,438,NATIVE_L3_INGESTION_QA,0.0,0.0,0.0,0.0,0.0,0.0,1606780800000,per-pixel count of valid orbital L3 observations contributing to the monthly composite,,VALID_ORBITAL_OBSERVATIONS,441.48740460163515,4.4148740460163516E8,0.0,0.0,0.0,0.0,2020,"{""type"":""MultiPoint"",""coordinates"":[]}"
1_1_1_2_00000000000000000000,698,daily-first calendar-month mean,DAILY_FIRST,437,Earth Engine L3 grid-scale AOI reduction,1113.2,AOI_KRYVYI_RIH,VALID,pixelArea masked by final monthly pollutant raster,31,TROPOMI footprint is coarser than the 1113.2 m Earth Engine L3 grid; not treated as independent 1.1 km observations,1,1113.2,437,2021-01,1,NO2,NO2_DAILY_FIRST_LEVEL1,PRODUCT_QUALITY = NOMINAL; native Earth Engine L3 NO2 validity screening retained,EPSG:4326,tropospheric_NO2_column_number_density,COPERNICUS/S5P/OFFL/L3_NO2,437,PRODUCT_QUALITY_NOMINAL,7.0,5.6221881992698135,6.000000000000003,3.0,4.0,7.0,1609459200000,valid calendar days contributing to the monthly daily-first composite,0.18136090424888876,VALID_DAYS,441.48740460163515,4.4148740460163516E8,1.0,441.48740460163515,4.4148740460163516E8,100.0,2021,"{""type"":""MultiPoint"",""coordinates"":[]}"
1_1_1_2_00000000000000000001,0,orbital-first calendar-month mean,ORBITAL_MONTHLY,435,7000 m dissertation-compatible AOI analysis scale; not the native Earth Engine L3 pixel size,7000.0,AOI_KRYVYI_RIH,NA_NO_VALID_FINAL_RASTER_DATA,pixelArea masked by final monthly pollutant raster,,approximately footprint-scale S5P/TROPOMI support; Earth Engine L3 grid spacing remains 1113.2 m,0,1113.2,435,2021-01,1,SO2,SO2_ORBITAL_MONTHLY_LEVEL1,native Earth Engine L3 SO2 ingestion QA retained; no additional qa_value or PRODUCT_QUALITY filter,EPSG:4326,SO2_column_number_density,COPERNICUS/S5P/OFFL/L3_SO2,435,NATIVE_L3_INGESTION_QA,0.0,0.0,0.0,0.0,0.0,0.0,1609459200000,per-pixel count of valid orbital L3 observations contributing to the monthly composite,,VALID_ORBITAL_OBSERVATIONS,441.48740460163515,4.4148740460163516E8,0.0,0.0,0.0,0.0,2021,"{""type"":""MultiPoint"",""coordinates"":[]}"
1_1_1_2_00000000000000000002,698,daily-first calendar-month mean,DAILY_FIRST,438,Earth Engine L3 grid-scale AOI reduction,1113.2,AOI_KRYVYI_RIH,VALID,pixelArea masked by final monthly pollutant raster,31,CO source footprint is coarser than the 1113.2 m Earth Engine L3 grid; 1113.2 m is not interpreted as independent native spatial resolution,1,1113.2,438,2021-01,1,CO,CO_DAILY_FIRST,Earth Engine L3 CO ingestion validity mask retained; no additional pixel QA filter,EPSG:4326,CO_column_number_density,COPERNICUS/S5P/OFFL/L3_CO,438,NATIVE_L3_MASK,19.0,14.186682958426568,13.999999999999991,9.0,11.999999999999995,17.0,1609459200000,valid calendar days contributing to the monthly daily-first composite,0.4576349231460453,VALID_DAYS,441.48740460163515,4.4148740460163516E8,1.0,441.48740460163515,4.4148740460163516E8,100.0,2021,"{""type"":""MultiPoint"",""coordinates"":[]}"
1_1_1_2_00000000000000000003,698,daily-first calendar-month mean,DAILY_FIRST,397,Earth Engine L3 grid-scale AOI reduction,1113.2,AOI_KRYVYI_RIH,VALID,pixelArea masked by final monthly pollutant raster,28,TROPOMI footprint is coarser than the 1113.2 m Earth Engine L3 grid; not treated as independent 1.1 km observations,1,1113.2,397,2021-02,2,NO2,NO2_DAILY_FIRST_LEVEL1,PRODUCT_QUALITY = NOMINAL; native Earth Engine L3 NO2 validity screening retained,EPSG:4326,tropospheric_NO2_column_number_density,COPERNICUS/S5P/OFFL/L3_NO2,397,PRODUCT_QUALITY_NOMINAL,5.0,3.3323960664232706,3.0000000000000018,2.0,3.0000000000000018,4.0,1612137600000,valid calendar days contributing to the monthly daily-first composite,0.11901414840340793,VALID_DAYS,441.48740460163515,4.4148740460163516E8,1.0,441.48740460163515,4.4148740460163516E8,100.0,2021,"{""type"":""MultiPoint"",""coordinates"":[]}"
1_1_1_2_00000000000000000005,698,daily-first calendar-month mean,DAILY_FIRST,397,Earth Engine L3 grid-scale AOI reduction,1113.2,AOI_KRYVYI_RIH,VALID,pixelArea masked by final monthly pollutant raster,28,CO source footprint is coarser than the 1113.2 m Earth Engine L3 grid; 1113.2 m is not interpreted as independent native spatial resolution,1,1113.2,397,2021-02,2,CO,CO_DAILY_FIRST,Earth Engine L3 CO ingestion validity mask retained; no additional pixel QA filter,EPSG:4326,CO_column_number_density,COPERNICUS/S5P/OFFL/L3_CO,397,NATIVE_L3_MASK,20.0,14.568079437050994,14.000000000000002,10.0,12.000000000000002,17.0,1612137600000,valid calendar days contributing to the monthly daily-first composite,0.5202885479304886,VALID_DAYS,441.48740460163515,4.4148740460163516E8,1.0,441.48740460163515,4.4148740460163516E8,100.0,2021,"{""type"":""MultiPoint"",""coordinates"":[]}"
1_1_1_2_00000000000000000004,33,orbital-first calendar-month mean,ORBITAL_MONTHLY,397,7000 m dissertation-compatible AOI analysis scale; not the native Earth Engine L3 pixel size,7000.0,AOI_KRYVYI_RIH,VALID,pixelArea masked by final monthly pollutant raster,,approximately footprint-scale S5P/TROPOMI support; Earth Engine L3 grid spacing remains 1113.2 m,1,1113.2,397,2021-02,2,SO2,SO2_ORBITAL_MONTHLY_LEVEL1,native Earth Engine L3 SO2 ingestion QA retained; no additional qa_value or PRODUCT_QUALITY filter,EPSG:4326,SO2_column_number_density,COPERNICUS/S5P/OFFL/L3_SO2,397,NATIVE_L3_INGESTION_QA,1.0,1.0,1.0,1.0,1.0,1.0,1612137600000,per-pixel count of valid orbital L3 observations contributing to the monthly composite,,VALID_ORBITAL_OBSERVATIONS,441.48740460163515,4.4148740460163516E8,0.9609666413359451,424.2546683921568,4.2425466839215684E8,96.09666413359452,2021,"{""type"":""MultiPoint"",""coordinates"":[]}"
1_1_1_2_00000000000000000008,698,daily-first calendar-month mean,DAILY_FIRST,440,Earth Engine L3 grid-scale AOI reduction,1113.2,AOI_KRYVYI_RIH,VALID,pixelArea masked by final monthly pollutant raster,31,CO source footprint is coarser than the 1113.2 m Earth Engine L3 grid; 1113.2 m is not interpreted as independent native spatial resolution,1,1113.2,440,2021-03,3,CO,CO_DAILY_FIRST,Earth Engine L3 CO ingestion validity mask retained; no additional pixel QA filter,EPSG:4326,CO_column_number_density,COPERNICUS/S5P/OFFL/L3_CO,440,NATIVE_L3_MASK,22.0,17.091979743257564,17.000000000000004,9.0,14.0,20.000000000000007,1614556800000,valid calendar days contributing to the monthly daily-first composite,0.5513541807531663,VALID_DAYS,441.48740460163515,4.4148740460163516E8,1.0,441.48740460163515,4.4148740460163516E8,100.0,2021,"{""type"":""MultiPoint"",""coordinates"":[]}"
1_1_1_2_00000000000000000006,698,daily-first calendar-month mean,DAILY_FIRST,440,Earth Engine L3 grid-scale AOI reduction,1113.2,AOI_KRYVYI_RIH,VALID,pixelArea masked by final monthly pollutant raster,31,TROPOMI footprint is coarser than the 1113.2 m Earth Engine L3 grid; not treated as independent 1.1 km observations,1,1113.2,440,2021-03,3,NO2,NO2_DAILY_FIRST_LEVEL1,PRODUCT_QUALITY = NOMINAL; native Earth Engine L3 NO2 validity screening retained,EPSG:4326,tropospheric_NO2_column_number_density,COPERNICUS/S5P/OFFL/L3_NO2,440,PRODUCT_QUALITY_NOMINAL,13.0,8.766451242492053,8.999999999999998,6.0,7.000000000000003,10.000000000000002,1614556800000,valid calendar days contributing to the monthly daily-first composite,0.2827887413300468,VALID_DAYS,441.48740460163515,4.4148740460163516E8,1.0,441.48740460163515,4.4148740460163516E8,100.0,2021,"{""type"":""MultiPoint"",""coordinates"":[]}"
1_1_1_2_00000000000000000007,33,orbital-first calendar-month mean,ORBITAL_MONTHLY,439,7000 m dissertation-compatible AOI analysis scale; not the native Earth Engine L3 pixel size,7000.0,AOI_KRYVYI_RIH,VALID,pixelArea masked by final monthly pollutant raster,,approximately footprint-scale S5P/TROPOMI support; Earth Engine L3 grid spacing remains 1113.2 m,1,1113.2,439,2021-03,3,SO2,SO2_ORBITAL_MONTHLY_LEVEL1,native Earth Engine L3 SO2 ingestion QA retained; no additional qa_value or PRODUCT_QUALITY filter,EPSG:4326,SO2_column_number_density,COPERNICUS/S5P/OFFL/L3_SO2,439,NATIVE_L3_INGESTION_QA,11.0,8.493476369962305,9.0,5.0,7.0,11.0,1614556800000,per-pixel count of valid orbital L3 observations contributing to the monthly composite,,VALID_ORBITAL_OBSERVATIONS,441.48740460163515,4.4148740460163516E8,1.0,441.48740460163515,4.4148740460163516E8,100.0,2021,"{""type"":""MultiPoint"",""coordinates"":[]}"
1_1_1_2_00000000000000000009,698,daily-first calendar-month mean,DAILY_FIRST,424,Earth Engine L3 grid-scale AOI reduction,1113.2,AOI_KRYVYI_RIH,VALID,pixelArea masked by final monthly pollutant raster,30,TROPOMI footprint is coarser than the 1113.2 m Earth Engine L3 grid; not treated as independent 1.1 km observations,1,1113.2,424,2021-04,4,NO2,NO2_DAILY_FIRST_LEVEL1,PRODUCT_QUALITY = NOMINAL; native Earth Engine L3 NO2 validity screening retained,EPSG:4326,tropospheric_NO2_column_number_density,COPERNICUS/S5P/OFFL/L3_NO2,424,PRODUCT_QUALITY_NOMINAL,10.0,7.36475385702509,7.0,4.0,6.0,9.000000000000002,1617235200000,valid calendar days contributing to the monthly daily-first composite,0.24549180281416189,VALID_DAYS,441.48740460163515,4.4148740460163516E8,1.0,441.48740460163515,4.4148740460163516E8,100.0,2021,"{""type"":""MultiPoint"",""coordinates"":[]}"
1_1_1_2_0000000000000000000b,698,daily-first calendar-month mean,DAILY_FIRST,424,Earth Engine L3 grid-scale AOI reduction,1113.2,AOI_KRYVYI_RIH,VALID,pixelArea masked by final monthly pollutant raster,30,CO source footprint is coarser than the 1113.2 m Earth Engine L3 grid; 1113.2 m is not interpreted as independent native spatial resolution,1,1113.2,424,2021-04,4,CO,CO_DAILY_FIRST,Earth Engine L3 CO ingestion validity mask retained; no additional pixel QA filter,EPSG:4326,CO_column_number_density,COPERNICUS/S5P/OFFL/L3_CO,424,NATIVE_L3_MASK,24.0,18.94997644564833,18.999999999999986,15.0,16.999999999999993,21.000000000000004,1617235200000,valid calendar days contributing to the monthly daily-first composite,0.631665888293207,VALID_DAYS,441.48740460163515,4.4148740460163516E8,1.0,441.48740460163515,4.4148740460163516E8,100.0,2021,"{""type"":""MultiPoint"",""coordinates"":[]}"
1_1_1_2_0000000000000000000a,33,orbital-first calendar-month mean,ORBITAL_MONTHLY,424,7000 m dissertation-compatible AOI analysis scale; not the native Earth Engine L3 pixel size,7000.0,AOI_KRYVYI_RIH,VALID,pixelArea masked by final monthly pollutant raster,,approximately footprint-scale S5P/TROPOMI support; Earth Engine L3 grid spacing remains 1113.2 m,1,1113.2,424,2021-04,4,SO2,SO2_ORBITAL_MONTHLY_LEVEL1,native Earth Engine L3 SO2 ingestion QA retained; no additional qa_value or PRODUCT_QUALITY filter,EPSG:4326,SO2_column_number_density,COPERNICUS/S5P/OFFL/L3_SO2,424,NATIVE_L3_INGESTION_QA,10.0,7.6378660481298954,8.0,5.0,7.0,8.0,1617235200000,per-pixel count of valid orbital L3 observations contributing to the monthly composite,,VALID_ORBITAL_OBSERVATIONS,441.48740460163515,4.4148740460163516E8,1.0,441.48740460163515,4.4148740460163516E8,100.0,2021,"{""type"":""MultiPoint"",""coordinates"":[]}"
1_1_1_2_0000000000000000000c,698,daily-first calendar-month mean,DAILY_FIRST,437,Earth Engine L3 grid-scale AOI reduction,1113.2,AOI_KRYVYI_RIH,VALID,pixelArea masked by final monthly pollutant raster,31,TROPOMI footprint is coarser than the 1113.2 m Earth Engine L3 grid; not treated as independent 1.1 km observations,1,1113.2,437,2021-05,5,NO2,NO2_DAILY_FIRST_LEVEL1,PRODUCT_QUALITY = NOMINAL; native Earth Engine L3 NO2 validity screening retained,EPSG:4326,tropospheric_NO2_column_number_density,COPERNICUS/S5P/OFFL/L3_NO2,437,PRODUCT_QUALITY_NOMINAL,18.0,13.283476622305967,12.999999999999993,9.0,12.0,14.999999999999998,1619827200000,valid calendar days contributing to the monthly daily-first composite,0.42849923323801736,VALID_DAYS,441.48740460163515,4.4148740460163516E8,1.0,441.48740460163515,4.4148740460163516E8,100.0,2021,"{""type"":""MultiPoint"",""coordinates"":[]}"
1_1_1_2_0000000000000000000d,33,orbital-first calendar-month mean,ORBITAL_MONTHLY,438,7000 m dissertation-compatible AOI analysis scale; not the native Earth Engine L3 pixel size,7000.0,AOI_KRYVYI_RIH,VALID,pixelArea masked by final monthly pollutant raster,,approximately footprint-scale S5P/TROPOMI support; Earth Engine L3 grid spacing remains 1113.2 m,1,1113.2,438,2021-05,5,SO2,SO2_ORBITAL_MONTHLY_LEVEL1,native Earth Engine L3 SO2 ingestion QA retained; no additional qa_value or PRODUCT_QUALITY filter,EPSG:4326,SO2_column_number_density,COPERNICUS/S5P/OFFL/L3_SO2,438,NATIVE_L3_INGESTION_QA,18.0,13.730066685995942,14.0,11.0,11.0,16.0,1619827200000,per-pixel count of valid orbital L3 observations contributing to the monthly composite,,VALID_ORBITAL_OBSERVATIONS,441.48740460163515,4.4148740460163516E8,1.0,441.48740460163515,4.4148740460163516E8,100.0,2021,"{""type"":""MultiPoint"",""coordinates"":[]}"
1_1_1_2_0000000000000000000e,698,daily-first calendar-month mean,DAILY_FIRST,438,Earth Engine L3 grid-scale AOI reduction,1113.2,AOI_KRYVYI_RIH,VALID,pixelArea masked by final monthly pollutant raster,31,CO source footprint is coarser than the 1113.2 m Earth Engine L3 grid; 1113.2 m is not interpreted as independent native spatial resolution,1,1113.2,438,2021-05,5,CO,CO_DAILY_FIRST,Earth Engine L3 CO ingestion validity mask retained; no additional pixel QA filter,EPSG:4326,CO_column_number_density,COPERNICUS/S5P/OFFL/L3_CO,438,NATIVE_L3_MASK,25.0,22.203487516193608,22.000000000000004,18.0,21.0,23.999999999999996,1619827200000,valid calendar days contributing to the monthly daily-first composite,0.7162415260566851,VALID_DAYS,441.48740460163515,4.4148740460163516E8,1.0,441.48740460163515,4.4148740460163516E8,100.0,2021,"{""type"":""MultiPoint"",""coordinates"":[]}"
1_1_1_2_00000000000000000010,33,orbital-first calendar-month mean,ORBITAL_MONTHLY,425,7000 m dissertation-compatible AOI analysis scale; not the native Earth Engine L3 pixel size,7000.0,AOI_KRYVYI_RIH,VALID,pixelArea masked by final monthly pollutant raster,,approximately footprint-scale S5P/TROPOMI support; Earth Engine L3 grid spacing remains 1113.2 m,1,1113.2,425,2021-06,6,SO2,SO2_ORBITAL_MONTHLY_LEVEL1,native Earth Engine L3 SO2 ingestion QA retained; no additional qa_value or PRODUCT_QUALITY filter,EPSG:4326,SO2_column_number_density,COPERNICUS/S5P/OFFL/L3_SO2,425,NATIVE_L3_INGESTION_QA,19.0,15.24383879385329,15.0,13.0,13.0,17.0,1622505600000,per-pixel count of valid orbital L3 observations contributing to the monthly composite,,VALID_ORBITAL_OBSERVATIONS,441.48740460163515,4.4148740460163516E8,1.0,441.48740460163515,4.4148740460163516E8,100.0,2021,"{""type"":""MultiPoint"",""coordinates"":[]}"
1_1_1_2_00000000000000000011,698,daily-first calendar-month mean,DAILY_FIRST,425,Earth Engine L3 grid-scale AOI reduction,1113.2,AOI_KRYVYI_RIH,VALID,pixelArea masked by final monthly pollutant raster,30,CO source footprint is coarser than the 1113.2 m Earth Engine L3 grid; 1113.2 m is not interpreted as independent native spatial resolution,1,1113.2,425,2021-06,6,CO,CO_DAILY_FIRST,Earth Engine L3 CO ingestion validity mask retained; no additional pixel QA filter,EPSG:4326,CO_column_number_density,COPERNICUS/S5P/OFFL/L3_CO,425,NATIVE_L3_MASK,24.0,20.177879519491214,19.999999999999993,16.0,19.000000000000004,21.999999999999993,1622505600000,valid calendar days contributing to the monthly daily-first composite,0.6725959889288013,VALID_DAYS,441.48740460163515,4.4148740460163516E8,1.0,441.48740460163515,4.4148740460163516E8,100.0,2021,"{""type"":""MultiPoint"",""coordinates"":[]}"
1_1_1_2_0000000000000000000f,698,daily-first calendar-month mean,DAILY_FIRST,425,Earth Engine L3 grid-scale AOI reduction,1113.2,AOI_KRYVYI_RIH,VALID,pixelArea masked by final monthly pollutant raster,30,TROPOMI footprint is coarser than the 1113.2 m Earth Engine L3 grid; not treated as independent 1.1 km observations,1,1113.2,425,2021-06,6,NO2,NO2_DAILY_FIRST_LEVEL1,PRODUCT_QUALITY = NOMINAL; native Earth Engine L3 NO2 validity screening retained,EPSG:4326,tropospheric_NO2_column_number_density,COPERNICUS/S5P/OFFL/L3_NO2,425,PRODUCT_QUALITY_NOMINAL,17.0,11.008001118831697,11.0,7.0,8.999999999999998,13.0,1622505600000,valid calendar days contributing to the monthly daily-first composite,0.3669333786936944,VALID_DAYS,441.48740460163515,4.4148740460163516E8,1.0,441.48740460163515,4.4148740460163516E8,100.0,2021,"{""type"":""MultiPoint"",""coordinates"":[]}"
1_1_1_2_00000000000000000013,33,orbital-first calendar-month mean,ORBITAL_MONTHLY,440,7000 m dissertation-compatible AOI analysis scale; not the native Earth Engine L3 pixel size,7000.0,AOI_KRYVYI_RIH,VALID,pixelArea masked by final monthly pollutant raster,,approximately footprint-scale S5P/TROPOMI support; Earth Engine L3 grid spacing remains 1113.2 m,1,1113.2,440,2021-07,7,SO2,SO2_ORBITAL_MONTHLY_LEVEL1,native Earth Engine L3 SO2 ingestion QA retained; no additional qa_value or PRODUCT_QUALITY filter,EPSG:4326,SO2_column_number_density,COPERNICUS/S5P/OFFL/L3_SO2,440,NATIVE_L3_INGESTION_QA,34.0,27.237460133371993,27.0,22.0,25.0,29.0,1625097600000,per-pixel count of valid orbital L3 observations contributing to the monthly composite,,VALID_ORBITAL_OBSERVATIONS,441.48740460163515,4.4148740460163516E8,1.0,441.48740460163515,4.4148740460163516E8,100.0,2021,"{""type"":""MultiPoint"",""coordinates"":[]}"
1_1_1_2_00000000000000000012,698,daily-first calendar-month mean,DAILY_FIRST,440,Earth Engine L3 grid-scale AOI reduction,1113.2,AOI_KRYVYI_RIH,VALID,pixelArea masked by final monthly pollutant raster,31,TROPOMI footprint is coarser than the 1113.2 m Earth Engine L3 grid; not treated as independent 1.1 km observations,1,1113.2,440,2021-07,7,NO2,NO2_DAILY_FIRST_LEVEL1,PRODUCT_QUALITY = NOMINAL; native Earth Engine L3 NO2 validity screening retained,EPSG:4326,tropospheric_NO2_column_number_density,COPERNICUS/S5P/OFFL/L3_NO2,440,PRODUCT_QUALITY_NOMINAL,26.0,21.832322459074305,22.000000000000004,18.0,20.0,23.999999999999993,1625097600000,valid calendar days contributing to the monthly daily-first composite,0.7042684593197245,VALID_DAYS,441.48740460163515,4.4148740460163516E8,1.0,441.48740460163515,4.4148740460163516E8,100.0,2021,"{""type"":""MultiPoint"",""coordinates"":[]}"
1_1_1_2_00000000000000000014,698,daily-first calendar-month mean,DAILY_FIRST,440,Earth Engine L3 grid-scale AOI reduction,1113.2,AOI_KRYVYI_RIH,VALID,pixelArea masked by final monthly pollutant raster,31,CO source footprint is coarser than the 1113.2 m Earth Engine L3 grid; 1113.2 m is not interpreted as independent native spatial resolution,1,1113.2,440,2021-07,7,CO,CO_DAILY_FIRST,Earth Engine L3 CO ingestion validity mask retained; no additional pixel QA filter,EPSG:4326,CO_column_number_density,COPERNICUS/S5P/OFFL/L3_CO,440,NATIVE_L3_MASK,30.0,26.439134083146847,27.000000000000007,23.0,24.999999999999996,28.0,1625097600000,valid calendar days contributing to the monthly daily-first composite,0.8528752853871688,VALID_DAYS,441.48740460163515,4.4148740460163516E8,1.0,441.48740460163515,4.4148740460163516E8,100.0,2021,"{""type"":""MultiPoint"",""coordinates"":[]}"
1_1_1_2_00000000000000000016,33,orbital-first calendar-month mean,ORBITAL_MONTHLY,440,7000 m dissertation-compatible AOI analysis scale; not the native Earth Engine L3 pixel size,7000.0,AOI_KRYVYI_RIH,VALID,pixelArea masked by final monthly pollutant raster,,approximately footprint-scale S5P/TROPOMI support; Earth Engine L3 grid spacing remains 1113.2 m,1,1113.2,440,2021-08,8,SO2,SO2_ORBITAL_MONTHLY_LEVEL1,native Earth Engine L3 SO2 ingestion QA retained; no additional qa_value or PRODUCT_QUALITY filter,EPSG:4326,SO2_column_number_density,COPERNICUS/S5P/OFFL/L3_SO2,440,NATIVE_L3_INGESTION_QA,37.0,34.60626268483618,35.0,30.0,33.0,37.0,1627776000000,per-pixel count of valid orbital L3 observations contributing to the monthly composite,,VALID_ORBITAL_OBSERVATIONS,441.48740460163515,4.4148740460163516E8,1.0,441.48740460163515,4.4148740460163516E8,100.0,2021,"{""type"":""MultiPoint"",""coordinates"":[]}"
1_1_1_2_00000000000000000015,698,daily-first calendar-month mean,DAILY_FIRST,440,Earth Engine L3 grid-scale AOI reduction,1113.2,AOI_KRYVYI_RIH,VALID,pixelArea masked by final monthly pollutant raster,31,TROPOMI footprint is coarser than the 1113.2 m Earth Engine L3 grid; not treated as independent 1.1 km observations,1,1113.2,440,2021-08,8,NO2,NO2_DAILY_FIRST_LEVEL1,PRODUCT_QUALITY = NOMINAL; native Earth Engine L3 NO2 validity screening retained,EPSG:4326,tropospheric_NO2_column_number_density,COPERNICUS/S5P/OFFL/L3_NO2,440,PRODUCT_QUALITY_NOMINAL,29.0,26.531334648451296,26.999999999999993,23.0,24.99999999999998,27.999999999999993,1627776000000,valid calendar days contributing to the monthly daily-first composite,0.8558494956176117,VALID_DAYS,441.48740460163515,4.4148740460163516E8,1.0,441.48740460163515,4.4148740460163516E8,100.0,2021,"{""type"":""MultiPoint"",""coordinates"":[]}"
1_1_1_2_00000000000000000017,698,daily-first calendar-month mean,DAILY_FIRST,440,Earth Engine L3 grid-scale AOI reduction,1113.2,AOI_KRYVYI_RIH,VALID,pixelArea masked by final monthly pollutant raster,31,CO source footprint is coarser than the 1113.2 m Earth Engine L3 grid; 1113.2 m is not interpreted as independent native spatial resolution,1,1113.2,440,2021-08,8,CO,CO_DAILY_FIRST,Earth Engine L3 CO ingestion validity mask retained; no additional pixel QA filter,EPSG:4326,CO_column_number_density,COPERNICUS/S5P/OFFL/L3_CO,440,NATIVE_L3_MASK,30.0,27.069021611117645,26.999999999999996,23.0,25.000000000000004,28.99999999999999,1627776000000,valid calendar days contributing to the monthly daily-first composite,0.8731942337329675,VALID_DAYS,441.48740460163515,4.4148740460163516E8,1.0,441.48740460163515,4.4148740460163516E8,100.0,2021,"{""type"":""MultiPoint"",""coordinates"":[]}"
1_1_1_2_0000000000000000001a,698,daily-first calendar-month mean,DAILY_FIRST,426,Earth Engine L3 grid-scale AOI reduction,1113.2,AOI_KRYVYI_RIH,VALID,pixelArea masked by final monthly pollutant raster,30,CO source footprint is coarser than the 1113.2 m Earth Engine L3 grid; 1113.2 m is not interpreted as independent native spatial resolution,1,1113.2,426,2021-09,9,CO,CO_DAILY_FIRST,Earth Engine L3 CO ingestion validity mask retained; no additional pixel QA filter,EPSG:4326,CO_column_number_density,COPERNICUS/S5P/OFFL/L3_CO,426,NATIVE_L3_MASK,22.0,18.596521316688246,18.99999999999999,14.0,16.999999999999996,20.000000000000004,1630454400000,valid calendar days contributing to the monthly daily-first composite,0.61988405104362,VALID_DAYS,441.48740460163515,4.4148740460163516E8,1.0,441.48740460163515,4.4148740460163516E8,100.0,2021,"{""type"":""MultiPoint"",""coordinates"":[]}"
1_1_1_2_00000000000000000018,698,daily-first calendar-month mean,DAILY_FIRST,426,Earth Engine L3 grid-scale AOI reduction,1113.2,AOI_KRYVYI_RIH,VALID,pixelArea masked by final monthly pollutant raster,30,TROPOMI footprint is coarser than the 1113.2 m Earth Engine L3 grid; not treated as independent 1.1 km observations,1,1113.2,426,2021-09,9,NO2,NO2_DAILY_FIRST_LEVEL1,PRODUCT_QUALITY = NOMINAL; native Earth Engine L3 NO2 validity screening retained,EPSG:4326,tropospheric_NO2_column_number_density,COPERNICUS/S5P/OFFL/L3_NO2,426,PRODUCT_QUALITY_NOMINAL,19.0,16.408447179366377,16.0,12.0,15.000000000000004,17.999999999999996,1630454400000,valid calendar days contributing to the monthly daily-first composite,0.5469482509036965,VALID_DAYS,441.48740460163515,4.4148740460163516E8,1.0,441.48740460163515,4.4148740460163516E8,100.0,2021,"{""type"":""MultiPoint"",""coordinates"":[]}"
1_1_1_2_00000000000000000019,33,orbital-first calendar-month mean,ORBITAL_MONTHLY,426,7000 m dissertation-compatible AOI analysis scale; not the native Earth Engine L3 pixel size,7000.0,AOI_KRYVYI_RIH,VALID,pixelArea masked by final monthly pollutant raster,,approximately footprint-scale S5P/TROPOMI support; Earth Engine L3 grid spacing remains 1113.2 m,1,1113.2,426,2021-09,9,SO2,SO2_ORBITAL_MONTHLY_LEVEL1,native Earth Engine L3 SO2 ingestion QA retained; no additional qa_value or PRODUCT_QUALITY filter,EPSG:4326,SO2_column_number_density,COPERNICUS/S5P/OFFL/L3_SO2,426,NATIVE_L3_INGESTION_QA,21.0,20.017686285879964,20.0,18.0,19.0,21.0,1630454400000,per-pixel count of valid orbital L3 observations contributing to the monthly composite,,VALID_ORBITAL_OBSERVATIONS,441.48740460163515,4.4148740460163516E8,1.0,441.48740460163515,4.4148740460163516E8,100.0,2021,"{""type"":""MultiPoint"",""coordinates"":[]}"
1_1_1_2_0000000000000000001c,33,orbital-first calendar-month mean,ORBITAL_MONTHLY,439,7000 m dissertation-compatible AOI analysis scale; not the native Earth Engine L3 pixel size,7000.0,AOI_KRYVYI_RIH,VALID,pixelArea masked by final monthly pollutant raster,,approximately footprint-scale S5P/TROPOMI support; Earth Engine L3 grid spacing remains 1113.2 m,1,1113.2,439,2021-10,10,SO2,SO2_ORBITAL_MONTHLY_LEVEL1,native Earth Engine L3 SO2 ingestion QA retained; no additional qa_value or PRODUCT_QUALITY filter,EPSG:4326,SO2_column_number_density,COPERNICUS/S5P/OFFL/L3_SO2,439,NATIVE_L3_INGESTION_QA,16.0,13.77094810089881,14.0,11.0,12.0,15.0,1633046400000,per-pixel count of valid orbital L3 observations contributing to the monthly composite,,VALID_ORBITAL_OBSERVATIONS,441.48740460163515,4.4148740460163516E8,1.0,441.48740460163515,4.4148740460163516E8,100.0,2021,"{""type"":""MultiPoint"",""coordinates"":[]}"
1_1_1_2_0000000000000000001d,698,daily-first calendar-month mean,DAILY_FIRST,439,Earth Engine L3 grid-scale AOI reduction,1113.2,AOI_KRYVYI_RIH,VALID,pixelArea masked by final monthly pollutant raster,31,CO source footprint is coarser than the 1113.2 m Earth Engine L3 grid; 1113.2 m is not interpreted as independent native spatial resolution,1,1113.2,439,2021-10,10,CO,CO_DAILY_FIRST,Earth Engine L3 CO ingestion validity mask retained; no additional pixel QA filter,EPSG:4326,CO_column_number_density,COPERNICUS/S5P/OFFL/L3_CO,439,NATIVE_L3_MASK,24.0,20.865578259333407,21.000000000000004,17.0,19.0,23.0,1633046400000,valid calendar days contributing to the monthly daily-first composite,0.6730831658239296,VALID_DAYS,441.48740460163515,4.4148740460163516E8,1.0,441.48740460163515,4.4148740460163516E8,100.0,2021,"{""type"":""MultiPoint"",""coordinates"":[]}"
1_1_1_2_0000000000000000001b,698,daily-first calendar-month mean,DAILY_FIRST,438,Earth Engine L3 grid-scale AOI reduction,1113.2,AOI_KRYVYI_RIH,VALID,pixelArea masked by final monthly pollutant raster,31,TROPOMI footprint is coarser than the 1113.2 m Earth Engine L3 grid; not treated as independent 1.1 km observations,1,1113.2,438,2021-10,10,NO2,NO2_DAILY_FIRST_LEVEL1,PRODUCT_QUALITY = NOMINAL; native Earth Engine L3 NO2 validity screening retained,EPSG:4326,tropospheric_NO2_column_number_density,COPERNICUS/S5P/OFFL/L3_NO2,438,PRODUCT_QUALITY_NOMINAL,26.0,22.70113944176186,23.000000000000004,20.0,22.0,24.0,1633046400000,valid calendar days contributing to the monthly daily-first composite,0.7322948166154849,VALID_DAYS,441.48740460163515,4.4148740460163516E8,1.0,441.48740460163515,4.4148740460163516E8,100.0,2021,"{""type"":""MultiPoint"",""coordinates"":[]}"
1_1_1_2_00000000000000000020,698,daily-first calendar-month mean,DAILY_FIRST,426,Earth Engine L3 grid-scale AOI reduction,1113.2,AOI_KRYVYI_RIH,VALID,pixelArea masked by final monthly pollutant raster,30,CO source footprint is coarser than the 1113.2 m Earth Engine L3 grid; 1113.2 m is not interpreted as independent native spatial resolution,1,1113.2,426,2021-11,11,CO,CO_DAILY_FIRST,Earth Engine L3 CO ingestion validity mask retained; no additional pixel QA filter,EPSG:4326,CO_column_number_density,COPERNICUS/S5P/OFFL/L3_CO,426,NATIVE_L3_MASK,25.0,21.743367977858902,21.999999999999996,18.0,20.000000000000007,23.000000000000004,1635724800000,valid calendar days contributing to the monthly daily-first composite,0.7247789346068628,VALID_DAYS,441.48740460163515,4.4148740460163516E8,1.0,441.48740460163515,4.4148740460163516E8,100.0,2021,"{""type"":""MultiPoint"",""coordinates"":[]}"
1_1_1_2_0000000000000000001e,698,daily-first calendar-month mean,DAILY_FIRST,426,Earth Engine L3 grid-scale AOI reduction,1113.2,AOI_KRYVYI_RIH,VALID,pixelArea masked by final monthly pollutant raster,30,TROPOMI footprint is coarser than the 1113.2 m Earth Engine L3 grid; not treated as independent 1.1 km observations,1,1113.2,426,2021-11,11,NO2,NO2_DAILY_FIRST_LEVEL1,PRODUCT_QUALITY = NOMINAL; native Earth Engine L3 NO2 validity screening retained,EPSG:4326,tropospheric_NO2_column_number_density,COPERNICUS/S5P/OFFL/L3_NO2,426,PRODUCT_QUALITY_NOMINAL,18.0,13.870090389824513,13.999999999999996,11.0,12.000000000000002,15.0,1635724800000,valid calendar days contributing to the monthly daily-first composite,0.46233635075335955,VALID_DAYS,441.48740460163515,4.4148740460163516E8,1.0,441.48740460163515,4.4148740460163516E8,100.0,2021,"{""type"":""MultiPoint"",""coordinates"":[]}"
1_1_1_2_0000000000000000001f,0,orbital-first calendar-month mean,ORBITAL_MONTHLY,426,7000 m dissertation-compatible AOI analysis scale; not the native Earth Engine L3 pixel size,7000.0,AOI_KRYVYI_RIH,NA_NO_VALID_FINAL_RASTER_DATA,pixelArea masked by final monthly pollutant raster,,approximately footprint-scale S5P/TROPOMI support; Earth Engine L3 grid spacing remains 1113.2 m,0,1113.2,426,2021-11,11,SO2,SO2_ORBITAL_MONTHLY_LEVEL1,native Earth Engine L3 SO2 ingestion QA retained; no additional qa_value or PRODUCT_QUALITY filter,EPSG:4326,SO2_column_number_density,COPERNICUS/S5P/OFFL/L3_SO2,426,NATIVE_L3_INGESTION_QA,0.0,0.0,0.0,0.0,0.0,0.0,1635724800000,per-pixel count of valid orbital L3 observations contributing to the monthly composite,,VALID_ORBITAL_OBSERVATIONS,441.48740460163515,4.4148740460163516E8,0.0,0.0,0.0,0.0,2021,"{""type"":""MultiPoint"",""coordinates"":[]}"
1_1_1_2_00000000000000000022,0,orbital-first calendar-month mean,ORBITAL_MONTHLY,437,7000 m dissertation-compatible AOI analysis scale; not the native Earth Engine L3 pixel size,7000.0,AOI_KRYVYI_RIH,NA_NO_VALID_FINAL_RASTER_DATA,pixelArea masked by final monthly pollutant raster,,approximately footprint-scale S5P/TROPOMI support; Earth Engine L3 grid spacing remains 1113.2 m,0,1113.2,437,2021-12,12,SO2,SO2_ORBITAL_MONTHLY_LEVEL1,native Earth Engine L3 SO2 ingestion QA retained; no additional qa_value or PRODUCT_QUALITY filter,EPSG:4326,SO2_column_number_density,COPERNICUS/S5P/OFFL/L3_SO2,437,NATIVE_L3_INGESTION_QA,0.0,0.0,0.0,0.0,0.0,0.0,1638316800000,per-pixel count of valid orbital L3 observations contributing to the monthly composite,,VALID_ORBITAL_OBSERVATIONS,441.48740460163515,4.4148740460163516E8,0.0,0.0,0.0,0.0,2021,"{""type"":""MultiPoint"",""coordinates"":[]}"
1_1_1_2_00000000000000000023,698,daily-first calendar-month mean,DAILY_FIRST,438,Earth Engine L3 grid-scale AOI reduction,1113.2,AOI_KRYVYI_RIH,VALID,pixelArea masked by final monthly pollutant raster,31,CO source footprint is coarser than the 1113.2 m Earth Engine L3 grid; 1113.2 m is not interpreted as independent native spatial resolution,1,1113.2,438,2021-12,12,CO,CO_DAILY_FIRST,Earth Engine L3 CO ingestion validity mask retained; no additional pixel QA filter,EPSG:4326,CO_column_number_density,COPERNICUS/S5P/OFFL/L3_CO,438,NATIVE_L3_MASK,22.0,18.939318101519245,18.999999999999986,14.0,16.999999999999996,20.999999999999993,1638316800000,valid calendar days contributing to the monthly daily-first composite,0.6109457429822662,VALID_DAYS,441.48740460163515,4.4148740460163516E8,1.0,441.48740460163515,4.4148740460163516E8,100.0,2021,"{""type"":""MultiPoint"",""coordinates"":[]}"
1_1_1_2_00000000000000000021,620,daily-first calendar-month mean,DAILY_FIRST,438,Earth Engine L3 grid-scale AOI reduction,1113.2,AOI_KRYVYI_RIH,VALID,pixelArea masked by final monthly pollutant raster,31,TROPOMI footprint is coarser than the 1113.2 m Earth Engine L3 grid; not treated as independent 1.1 km observations,1,1113.2,438,2021-12,12,NO2,NO2_DAILY_FIRST_LEVEL1,PRODUCT_QUALITY = NOMINAL; native Earth Engine L3 NO2 validity screening retained,EPSG:4326,tropospheric_NO2_column_number_density,COPERNICUS/S5P/OFFL/L3_NO2,438,PRODUCT_QUALITY_NOMINAL,4.0,1.688552585090095,2.0,0.0,0.0,2.0,1638316800000,valid calendar days contributing to the monthly daily-first composite,0.054469436605396965,VALID_DAYS,441.48740460163515,4.4148740460163516E8,0.884167355797124,390.3487511443628,3.903487511443628E8,88.41673557971241,2021,"{""type"":""MultiPoint"",""coordinates"":[]}"
1_1_2_00000000000000000002,698,daily-first calendar-month mean,DAILY_FIRST,433,Earth Engine L3 grid-scale AOI reduction,1113.2,AOI_KRYVYI_RIH,VALID,pixelArea masked by final monthly pollutant raster,31,CO source footprint is coarser than the 1113.2 m Earth Engine L3 grid; 1113.2 m is not interpreted as independent native spatial resolution,1,1113.2,433,2022-01,1,CO,CO_DAILY_FIRST,Earth Engine L3 CO ingestion validity mask retained; no additional pixel QA filter,EPSG:4326,CO_column_number_density,COPERNICUS/S5P/OFFL/L3_CO,433,NATIVE_L3_MASK,24.0,21.047381050524066,20.999999999999996,18.0,20.00000000000001,22.999999999999996,1640995200000,valid calendar days contributing to the monthly daily-first composite,0.6789477696665749,VALID_DAYS,441.48740460163515,4.4148740460163516E8,1.0,441.48740460163515,4.4148740460163516E8,100.0,2022,"{""type"":""MultiPoint"",""coordinates"":[]}"
1_1_2_00000000000000000001,0,orbital-first calendar-month mean,ORBITAL_MONTHLY,431,7000 m dissertation-compatible AOI analysis scale; not the native Earth Engine L3 pixel size,7000.0,AOI_KRYVYI_RIH,NA_NO_VALID_FINAL_RASTER_DATA,pixelArea masked by final monthly pollutant raster,,approximately footprint-scale S5P/TROPOMI support; Earth Engine L3 grid spacing remains 1113.2 m,0,1113.2,431,2022-01,1,SO2,SO2_ORBITAL_MONTHLY_LEVEL1,native Earth Engine L3 SO2 ingestion QA retained; no additional qa_value or PRODUCT_QUALITY filter,EPSG:4326,SO2_column_number_density,COPERNICUS/S5P/OFFL/L3_SO2,431,NATIVE_L3_INGESTION_QA,0.0,0.0,0.0,0.0,0.0,0.0,1640995200000,per-pixel count of valid orbital L3 observations contributing to the monthly composite,,VALID_ORBITAL_OBSERVATIONS,441.48740460163515,4.4148740460163516E8,0.0,0.0,0.0,0.0,2022,"{""type"":""MultiPoint"",""coordinates"":[]}"
1_1_2_00000000000000000000,698,daily-first calendar-month mean,DAILY_FIRST,433,Earth Engine L3 grid-scale AOI reduction,1113.2,AOI_KRYVYI_RIH,VALID,pixelArea masked by final monthly pollutant raster,31,TROPOMI footprint is coarser than the 1113.2 m Earth Engine L3 grid; not treated as independent 1.1 km observations,1,1113.2,433,2022-01,1,NO2,NO2_DAILY_FIRST_LEVEL1,PRODUCT_QUALITY = NOMINAL; native Earth Engine L3 NO2 validity screening retained,EPSG:4326,tropospheric_NO2_column_number_density,COPERNICUS/S5P/OFFL/L3_NO2,433,PRODUCT_QUALITY_NOMINAL,7.0,2.5917441997409054,3.0,1.0,1.0,3.0,1640995200000,valid calendar days contributing to the monthly daily-first composite,0.08360464911293243,VALID_DAYS,441.48740460163515,4.4148740460163516E8,1.0,441.48740460163515,4.4148740460163516E8,100.0,2022,"{""type"":""MultiPoint"",""coordinates"":[]}"
1_1_2_00000000000000000004,33,orbital-first calendar-month mean,ORBITAL_MONTHLY,393,7000 m dissertation-compatible AOI analysis scale; not the native Earth Engine L3 pixel size,7000.0,AOI_KRYVYI_RIH,VALID,pixelArea masked by final monthly pollutant raster,,approximately footprint-scale S5P/TROPOMI support; Earth Engine L3 grid spacing remains 1113.2 m,1,1113.2,393,2022-02,2,SO2,SO2_ORBITAL_MONTHLY_LEVEL1,native Earth Engine L3 SO2 ingestion QA retained; no additional qa_value or PRODUCT_QUALITY filter,EPSG:4326,SO2_column_number_density,COPERNICUS/S5P/OFFL/L3_SO2,393,NATIVE_L3_INGESTION_QA,6.0,4.803711220643665,5.0,3.0,3.0,6.0,1643673600000,per-pixel count of valid orbital L3 observations contributing to the monthly composite,,VALID_ORBITAL_OBSERVATIONS,441.48740460163515,4.4148740460163516E8,1.0,441.48740460163515,4.4148740460163516E8,100.0,2022,"{""type"":""MultiPoint"",""coordinates"":[]}"
1_1_2_00000000000000000005,698,daily-first calendar-month mean,DAILY_FIRST,394,Earth Engine L3 grid-scale AOI reduction,1113.2,AOI_KRYVYI_RIH,VALID,pixelArea masked by final monthly pollutant raster,28,CO source footprint is coarser than the 1113.2 m Earth Engine L3 grid; 1113.2 m is not interpreted as independent native spatial resolution,1,1113.2,394,2022-02,2,CO,CO_DAILY_FIRST,Earth Engine L3 CO ingestion validity mask retained; no additional pixel QA filter,EPSG:4326,CO_column_number_density,COPERNICUS/S5P/OFFL/L3_CO,394,NATIVE_L3_MASK,21.0,17.66808974207984,17.999999999999996,12.0,16.0,18.999999999999993,1643673600000,valid calendar days contributing to the monthly daily-first composite,0.6310032022639385,VALID_DAYS,441.48740460163515,4.4148740460163516E8,1.0,441.48740460163515,4.4148740460163516E8,100.0,2022,"{""type"":""MultiPoint"",""coordinates"":[]}"
1_1_2_00000000000000000003,698,daily-first calendar-month mean,DAILY_FIRST,394,Earth Engine L3 grid-scale AOI reduction,1113.2,AOI_KRYVYI_RIH,VALID,pixelArea masked by final monthly pollutant raster,28,TROPOMI footprint is coarser than the 1113.2 m Earth Engine L3 grid; not treated as independent 1.1 km observations,1,1113.2,394,2022-02,2,NO2,NO2_DAILY_FIRST_LEVEL1,PRODUCT_QUALITY = NOMINAL; native Earth Engine L3 NO2 validity screening retained,EPSG:4326,tropospheric_NO2_column_number_density,COPERNICUS/S5P/OFFL/L3_NO2,394,PRODUCT_QUALITY_NOMINAL,12.0,10.137358673890013,9.999999999999993,6.0,8.999999999999998,10.999999999999998,1643673600000,valid calendar days contributing to the monthly daily-first composite,0.36204852300906976,VALID_DAYS,441.48740460163515,4.4148740460163516E8,1.0,441.48740460163515,4.4148740460163516E8,100.0,2022,"{""type"":""MultiPoint"",""coordinates"":[]}"
1_1_2_00000000000000000008,698,daily-first calendar-month mean,DAILY_FIRST,440,Earth Engine L3 grid-scale AOI reduction,1113.2,AOI_KRYVYI_RIH,VALID,pixelArea masked by final monthly pollutant raster,31,CO source footprint is coarser than the 1113.2 m Earth Engine L3 grid; 1113.2 m is not interpreted as independent native spatial resolution,1,1113.2,440,2022-03,3,CO,CO_DAILY_FIRST,Earth Engine L3 CO ingestion validity mask retained; no additional pixel QA filter,EPSG:4326,CO_column_number_density,COPERNICUS/S5P/OFFL/L3_CO,440,NATIVE_L3_MASK,25.0,21.084125839123764,20.999999999999993,17.0,18.999999999999993,22.999999999999996,1646092800000,valid calendar days contributing to the monthly daily-first composite,0.680133085668494,VALID_DAYS,441.48740460163515,4.4148740460163516E8,1.0,441.48740460163515,4.4148740460163516E8,100.0,2022,"{""type"":""MultiPoint"",""coordinates"":[]}"
1_1_2_00000000000000000007,33,orbital-first calendar-month mean,ORBITAL_MONTHLY,440,7000 m dissertation-compatible AOI analysis scale; not the native Earth Engine L3 pixel size,7000.0,AOI_KRYVYI_RIH,VALID,pixelArea masked by final monthly pollutant raster,,approximately footprint-scale S5P/TROPOMI support; Earth Engine L3 grid spacing remains 1113.2 m,1,1113.2,440,2022-03,3,SO2,SO2_ORBITAL_MONTHLY_LEVEL1,native Earth Engine L3 SO2 ingestion QA retained; no additional qa_value or PRODUCT_QUALITY filter,EPSG:4326,SO2_column_number_density,COPERNICUS/S5P/OFFL/L3_SO2,440,NATIVE_L3_INGESTION_QA,20.0,18.454334589736156,19.0,17.0,18.0,19.0,1646092800000,per-pixel count of valid orbital L3 observations contributing to the monthly composite,,VALID_ORBITAL_OBSERVATIONS,441.48740460163515,4.4148740460163516E8,1.0,441.48740460163515,4.4148740460163516E8,100.0,2022,"{""type"":""MultiPoint"",""coordinates"":[]}"
1_1_2_00000000000000000006,698,daily-first calendar-month mean,DAILY_FIRST,440,Earth Engine L3 grid-scale AOI reduction,1113.2,AOI_KRYVYI_RIH,VALID,pixelArea masked by final monthly pollutant raster,31,TROPOMI footprint is coarser than the 1113.2 m Earth Engine L3 grid; not treated as independent 1.1 km observations,1,1113.2,440,2022-03,3,NO2,NO2_DAILY_FIRST_LEVEL1,PRODUCT_QUALITY = NOMINAL; native Earth Engine L3 NO2 validity screening retained,EPSG:4326,tropospheric_NO2_column_number_density,COPERNICUS/S5P/OFFL/L3_NO2,440,PRODUCT_QUALITY_NOMINAL,20.0,16.955931280179005,17.0,15.0,16.0,18.0,1646092800000,valid calendar days contributing to the monthly daily-first composite,0.546965521971645,VALID_DAYS,441.48740460163515,4.4148740460163516E8,1.0,441.48740460163515,4.4148740460163516E8,100.0,2022,"{""type"":""MultiPoint"",""coordinates"":[]}"
1_1_2_00000000000000000009,698,daily-first calendar-month mean,DAILY_FIRST,424,Earth Engine L3 grid-scale AOI reduction,1113.2,AOI_KRYVYI_RIH,VALID,pixelArea masked by final monthly pollutant raster,30,TROPOMI footprint is coarser than the 1113.2 m Earth Engine L3 grid; not treated as independent 1.1 km observations,1,1113.2,424,2022-04,4,NO2,NO2_DAILY_FIRST_LEVEL1,PRODUCT_QUALITY = NOMINAL; native Earth Engine L3 NO2 validity screening retained,EPSG:4326,tropospheric_NO2_column_number_density,COPERNICUS/S5P/OFFL/L3_NO2,424,PRODUCT_QUALITY_NOMINAL,14.0,11.018158932987863,10.999999999999993,6.0,8.999999999999998,12.999999999999998,1648771200000,valid calendar days contributing to the monthly daily-first composite,0.367271972107769,VALID_DAYS,441.48740460163515,4.4148740460163516E8,1.0,441.48740460163515,4.4148740460163516E8,100.0,2022,"{""type"":""MultiPoint"",""coordinates"":[]}"
1_1_2_0000000000000000000b,698,daily-first calendar-month mean,DAILY_FIRST,424,Earth Engine L3 grid-scale AOI reduction,1113.2,AOI_KRYVYI_RIH,VALID,pixelArea masked by final monthly pollutant raster,30,CO source footprint is coarser than the 1113.2 m Earth Engine L3 grid; 1113.2 m is not interpreted as independent native spatial resolution,1,1113.2,424,2022-04,4,CO,CO_DAILY_FIRST,Earth Engine L3 CO ingestion validity mask retained; no additional pixel QA filter,EPSG:4326,CO_column_number_density,COPERNICUS/S5P/OFFL/L3_CO,424,NATIVE_L3_MASK,21.0,16.84441614650806,17.000000000000004,13.0,14.999999999999995,19.0,1648771200000,valid calendar days contributing to the monthly daily-first composite,0.5614805453428532,VALID_DAYS,441.48740460163515,4.4148740460163516E8,1.0,441.48740460163515,4.4148740460163516E8,100.0,2022,"{""type"":""MultiPoint"",""coordinates"":[]}"
1_1_2_0000000000000000000a,33,orbital-first calendar-month mean,ORBITAL_MONTHLY,424,7000 m dissertation-compatible AOI analysis scale; not the native Earth Engine L3 pixel size,7000.0,AOI_KRYVYI_RIH,VALID,pixelArea masked by final monthly pollutant raster,,approximately footprint-scale S5P/TROPOMI support; Earth Engine L3 grid spacing remains 1113.2 m,1,1113.2,424,2022-04,4,SO2,SO2_ORBITAL_MONTHLY_LEVEL1,native Earth Engine L3 SO2 ingestion QA retained; no additional qa_value or PRODUCT_QUALITY filter,EPSG:4326,SO2_column_number_density,COPERNICUS/S5P/OFFL/L3_SO2,424,NATIVE_L3_INGESTION_QA,14.0,11.447665990142069,11.0,7.0,10.0,13.0,1648771200000,per-pixel count of valid orbital L3 observations contributing to the monthly composite,,VALID_ORBITAL_OBSERVATIONS,441.48740460163515,4.4148740460163516E8,1.0,441.48740460163515,4.4148740460163516E8,100.0,2022,"{""type"":""MultiPoint"",""coordinates"":[]}"
1_1_2_0000000000000000000c,698,daily-first calendar-month mean,DAILY_FIRST,426,Earth Engine L3 grid-scale AOI reduction,1113.2,AOI_KRYVYI_RIH,VALID,pixelArea masked by final monthly pollutant raster,31,TROPOMI footprint is coarser than the 1113.2 m Earth Engine L3 grid; not treated as independent 1.1 km observations,1,1113.2,426,2022-05,5,NO2,NO2_DAILY_FIRST_LEVEL1,PRODUCT_QUALITY = NOMINAL; native Earth Engine L3 NO2 validity screening retained,EPSG:4326,tropospheric_NO2_column_number_density,COPERNICUS/S5P/OFFL/L3_NO2,426,PRODUCT_QUALITY_NOMINAL,16.0,12.293119185019437,12.0,9.0,10.999999999999998,13.999999999999996,1651363200000,valid calendar days contributing to the monthly daily-first composite,0.396552219956643,VALID_DAYS,441.48740460163515,4.4148740460163516E8,1.0,441.48740460163515,4.4148740460163516E8,100.0,2022,"{""type"":""MultiPoint"",""coordinates"":[]}"
1_1_2_0000000000000000000d,33,orbital-first calendar-month mean,ORBITAL_MONTHLY,438,7000 m dissertation-compatible AOI analysis scale; not the native Earth Engine L3 pixel size,7000.0,AOI_KRYVYI_RIH,VALID,pixelArea masked by final monthly pollutant raster,,approximately footprint-scale S5P/TROPOMI support; Earth Engine L3 grid spacing remains 1113.2 m,1,1113.2,438,2022-05,5,SO2,SO2_ORBITAL_MONTHLY_LEVEL1,native Earth Engine L3 SO2 ingestion QA retained; no additional qa_value or PRODUCT_QUALITY filter,EPSG:4326,SO2_column_number_density,COPERNICUS/S5P/OFFL/L3_SO2,438,NATIVE_L3_INGESTION_QA,22.0,19.375181211945492,19.0,17.0,18.0,21.0,1651363200000,per-pixel count of valid orbital L3 observations contributing to the monthly composite,,VALID_ORBITAL_OBSERVATIONS,441.48740460163515,4.4148740460163516E8,1.0,441.48740460163515,4.4148740460163516E8,100.0,2022,"{""type"":""MultiPoint"",""coordinates"":[]}"
1_1_2_0000000000000000000e,698,daily-first calendar-month mean,DAILY_FIRST,430,Earth Engine L3 grid-scale AOI reduction,1113.2,AOI_KRYVYI_RIH,VALID,pixelArea masked by final monthly pollutant raster,31,CO source footprint is coarser than the 1113.2 m Earth Engine L3 grid; 1113.2 m is not interpreted as independent native spatial resolution,1,1113.2,430,2022-05,5,CO,CO_DAILY_FIRST,Earth Engine L3 CO ingestion validity mask retained; no additional pixel QA filter,EPSG:4326,CO_column_number_density,COPERNICUS/S5P/OFFL/L3_CO,430,NATIVE_L3_MASK,21.0,17.34303968908255,17.000000000000004,13.0,16.0,18.999999999999996,1651363200000,valid calendar days contributing to the monthly daily-first composite,0.5594528902994635,VALID_DAYS,441.48740460163515,4.4148740460163516E8,1.0,441.48740460163515,4.4148740460163516E8,100.0,2022,"{""type"":""MultiPoint"",""coordinates"":[]}"
1_1_2_00000000000000000011,698,daily-first calendar-month mean,DAILY_FIRST,426,Earth Engine L3 grid-scale AOI reduction,1113.2,AOI_KRYVYI_RIH,VALID,pixelArea masked by final monthly pollutant raster,30,CO source footprint is coarser than the 1113.2 m Earth Engine L3 grid; 1113.2 m is not interpreted as independent native spatial resolution,1,1113.2,426,2022-06,6,CO,CO_DAILY_FIRST,Earth Engine L3 CO ingestion validity mask retained; no additional pixel QA filter,EPSG:4326,CO_column_number_density,COPERNICUS/S5P/OFFL/L3_CO,426,NATIVE_L3_MASK,27.0,25.107901012837115,25.000000000000014,22.0,23.999999999999993,25.999999999999986,1654041600000,valid calendar days contributing to the monthly daily-first composite,0.8369300261775154,VALID_DAYS,441.48740460163515,4.4148740460163516E8,1.0,441.48740460163515,4.4148740460163516E8,100.0,2022,"{""type"":""MultiPoint"",""coordinates"":[]}"
1_1_2_00000000000000000010,33,orbital-first calendar-month mean,ORBITAL_MONTHLY,426,7000 m dissertation-compatible AOI analysis scale; not the native Earth Engine L3 pixel size,7000.0,AOI_KRYVYI_RIH,VALID,pixelArea masked by final monthly pollutant raster,,approximately footprint-scale S5P/TROPOMI support; Earth Engine L3 grid spacing remains 1113.2 m,1,1113.2,426,2022-06,6,SO2,SO2_ORBITAL_MONTHLY_LEVEL1,native Earth Engine L3 SO2 ingestion QA retained; no additional qa_value or PRODUCT_QUALITY filter,EPSG:4326,SO2_column_number_density,COPERNICUS/S5P/OFFL/L3_SO2,426,NATIVE_L3_INGESTION_QA,31.0,26.681066975935053,27.0,24.0,25.0,28.0,1654041600000,per-pixel count of valid orbital L3 observations contributing to the monthly composite,,VALID_ORBITAL_OBSERVATIONS,441.48740460163515,4.4148740460163516E8,1.0,441.48740460163515,4.4148740460163516E8,100.0,2022,"{""type"":""MultiPoint"",""coordinates"":[]}"
1_1_2_0000000000000000000f,698,daily-first calendar-month mean,DAILY_FIRST,426,Earth Engine L3 grid-scale AOI reduction,1113.2,AOI_KRYVYI_RIH,VALID,pixelArea masked by final monthly pollutant raster,30,TROPOMI footprint is coarser than the 1113.2 m Earth Engine L3 grid; not treated as independent 1.1 km observations,1,1113.2,426,2022-06,6,NO2,NO2_DAILY_FIRST_LEVEL1,PRODUCT_QUALITY = NOMINAL; native Earth Engine L3 NO2 validity screening retained,EPSG:4326,tropospheric_NO2_column_number_density,COPERNICUS/S5P/OFFL/L3_NO2,426,PRODUCT_QUALITY_NOMINAL,23.0,17.721690613590862,18.0,13.0,16.0,19.999999999999996,1654041600000,valid calendar days contributing to the monthly daily-first composite,0.59072302929055,VALID_DAYS,441.48740460163515,4.4148740460163516E8,1.0,441.48740460163515,4.4148740460163516E8,100.0,2022,"{""type"":""MultiPoint"",""coordinates"":[]}"
1_1_2_00000000000000000014,698,daily-first calendar-month mean,DAILY_FIRST,439,Earth Engine L3 grid-scale AOI reduction,1113.2,AOI_KRYVYI_RIH,VALID,pixelArea masked by final monthly pollutant raster,31,CO source footprint is coarser than the 1113.2 m Earth Engine L3 grid; 1113.2 m is not interpreted as independent native spatial resolution,1,1113.2,439,2022-07,7,CO,CO_DAILY_FIRST,Earth Engine L3 CO ingestion validity mask retained; no additional pixel QA filter,EPSG:4326,CO_column_number_density,COPERNICUS/S5P/OFFL/L3_CO,439,NATIVE_L3_MASK,30.0,27.53117271228359,27.999999999999982,24.0,24.999999999999996,28.999999999999996,1656633600000,valid calendar days contributing to the monthly daily-first composite,0.888102336486922,VALID_DAYS,441.48740460163515,4.4148740460163516E8,1.0,441.48740460163515,4.4148740460163516E8,100.0,2022,"{""type"":""MultiPoint"",""coordinates"":[]}"
1_1_2_00000000000000000013,33,orbital-first calendar-month mean,ORBITAL_MONTHLY,439,7000 m dissertation-compatible AOI analysis scale; not the native Earth Engine L3 pixel size,7000.0,AOI_KRYVYI_RIH,VALID,pixelArea masked by final monthly pollutant raster,,approximately footprint-scale S5P/TROPOMI support; Earth Engine L3 grid spacing remains 1113.2 m,1,1113.2,439,2022-07,7,SO2,SO2_ORBITAL_MONTHLY_LEVEL1,native Earth Engine L3 SO2 ingestion QA retained; no additional qa_value or PRODUCT_QUALITY filter,EPSG:4326,SO2_column_number_density,COPERNICUS/S5P/OFFL/L3_SO2,439,NATIVE_L3_INGESTION_QA,35.0,27.508843142939977,27.0,24.0,25.0,31.0,1656633600000,per-pixel count of valid orbital L3 observations contributing to the monthly composite,,VALID_ORBITAL_OBSERVATIONS,441.48740460163515,4.4148740460163516E8,1.0,441.48740460163515,4.4148740460163516E8,100.0,2022,"{""type"":""MultiPoint"",""coordinates"":[]}"
1_1_2_00000000000000000012,698,daily-first calendar-month mean,DAILY_FIRST,439,Earth Engine L3 grid-scale AOI reduction,1113.2,AOI_KRYVYI_RIH,VALID,pixelArea masked by final monthly pollutant raster,31,TROPOMI footprint is coarser than the 1113.2 m Earth Engine L3 grid; not treated as independent 1.1 km observations,1,1113.2,437,2022-07,7,NO2,NO2_DAILY_FIRST_LEVEL1,PRODUCT_QUALITY = NOMINAL; native Earth Engine L3 NO2 validity screening retained,EPSG:4326,tropospheric_NO2_column_number_density,COPERNICUS/S5P/OFFL/L3_NO2,437,PRODUCT_QUALITY_NOMINAL,25.0,19.73226798963607,19.999999999999982,15.0,18.000000000000004,21.999999999999993,1656633600000,valid calendar days contributing to the monthly daily-first composite,0.636524768904011,VALID_DAYS,441.48740460163515,4.4148740460163516E8,1.0,441.48740460163515,4.4148740460163516E8,100.0,2022,"{""type"":""MultiPoint"",""coordinates"":[]}"
1_1_2_00000000000000000017,698,daily-first calendar-month mean,DAILY_FIRST,440,Earth Engine L3 grid-scale AOI reduction,1113.2,AOI_KRYVYI_RIH,VALID,pixelArea masked by final monthly pollutant raster,31,CO source footprint is coarser than the 1113.2 m Earth Engine L3 grid; 1113.2 m is not interpreted as independent native spatial resolution,1,1113.2,440,2022-08,8,CO,CO_DAILY_FIRST,Earth Engine L3 CO ingestion validity mask retained; no additional pixel QA filter,EPSG:4326,CO_column_number_density,COPERNICUS/S5P/OFFL/L3_CO,440,NATIVE_L3_MASK,25.0,20.42662083382402,20.00000000000001,17.0,19.000000000000004,21.999999999999996,1659312000000,valid calendar days contributing to the monthly daily-first composite,0.6589232471861152,VALID_DAYS,441.48740460163515,4.4148740460163516E8,1.0,441.48740460163515,4.4148740460163516E8,100.0,2022,"{""type"":""MultiPoint"",""coordinates"":[]}"
1_1_2_00000000000000000015,698,daily-first calendar-month mean,DAILY_FIRST,440,Earth Engine L3 grid-scale AOI reduction,1113.2,AOI_KRYVYI_RIH,VALID,pixelArea masked by final monthly pollutant raster,31,TROPOMI footprint is coarser than the 1113.2 m Earth Engine L3 grid; not treated as independent 1.1 km observations,1,1113.2,436,2022-08,8,NO2,NO2_DAILY_FIRST_LEVEL1,PRODUCT_QUALITY = NOMINAL; native Earth Engine L3 NO2 validity screening retained,EPSG:4326,tropospheric_NO2_column_number_density,COPERNICUS/S5P/OFFL/L3_NO2,436,PRODUCT_QUALITY_NOMINAL,25.0,20.40157961370864,20.000000000000007,16.0,18.999999999999996,22.000000000000004,1659312000000,valid calendar days contributing to the monthly daily-first composite,0.658115469269387,VALID_DAYS,441.48740460163515,4.4148740460163516E8,1.0,441.48740460163515,4.4148740460163516E8,100.0,2022,"{""type"":""MultiPoint"",""coordinates"":[]}"
1_1_2_00000000000000000016,33,orbital-first calendar-month mean,ORBITAL_MONTHLY,440,7000 m dissertation-compatible AOI analysis scale; not the native Earth Engine L3 pixel size,7000.0,AOI_KRYVYI_RIH,VALID,pixelArea masked by final monthly pollutant raster,,approximately footprint-scale S5P/TROPOMI support; Earth Engine L3 grid spacing remains 1113.2 m,1,1113.2,440,2022-08,8,SO2,SO2_ORBITAL_MONTHLY_LEVEL1,native Earth Engine L3 SO2 ingestion QA retained; no additional qa_value or PRODUCT_QUALITY filter,EPSG:4326,SO2_column_number_density,COPERNICUS/S5P/OFFL/L3_SO2,440,NATIVE_L3_INGESTION_QA,32.0,26.920266743983763,27.0,24.0,25.0,28.0,1659312000000,per-pixel count of valid orbital L3 observations contributing to the monthly composite,,VALID_ORBITAL_OBSERVATIONS,441.48740460163515,4.4148740460163516E8,1.0,441.48740460163515,4.4148740460163516E8,100.0,2022,"{""type"":""MultiPoint"",""coordinates"":[]}"
1_1_2_00000000000000000018,698,daily-first calendar-month mean,DAILY_FIRST,426,Earth Engine L3 grid-scale AOI reduction,1113.2,AOI_KRYVYI_RIH,VALID,pixelArea masked by final monthly pollutant raster,30,TROPOMI footprint is coarser than the 1113.2 m Earth Engine L3 grid; not treated as independent 1.1 km observations,1,1113.2,425,2022-09,9,NO2,NO2_DAILY_FIRST_LEVEL1,PRODUCT_QUALITY = NOMINAL; native Earth Engine L3 NO2 validity screening retained,EPSG:4326,tropospheric_NO2_column_number_density,COPERNICUS/S5P/OFFL/L3_NO2,425,PRODUCT_QUALITY_NOMINAL,14.0,10.70715316217171,11.0,4.0,8.0,12.999999999999995,1661990400000,valid calendar days contributing to the monthly daily-first composite,0.3569051131138633,VALID_DAYS,441.48740460163515,4.4148740460163516E8,1.0,441.48740460163515,4.4148740460163516E8,100.0,2022,"{""type"":""MultiPoint"",""coordinates"":[]}"
1_1_2_0000000000000000001a,698,daily-first calendar-month mean,DAILY_FIRST,426,Earth Engine L3 grid-scale AOI reduction,1113.2,AOI_KRYVYI_RIH,VALID,pixelArea masked by final monthly pollutant raster,30,CO source footprint is coarser than the 1113.2 m Earth Engine L3 grid; 1113.2 m is not interpreted as independent native spatial resolution,1,1113.2,426,2022-09,9,CO,CO_DAILY_FIRST,Earth Engine L3 CO ingestion validity mask retained; no additional pixel QA filter,EPSG:4326,CO_column_number_density,COPERNICUS/S5P/OFFL/L3_CO,426,NATIVE_L3_MASK,19.0,14.776542810034142,14.999999999999991,11.0,12.999999999999996,16.999999999999996,1661990400000,valid calendar days contributing to the monthly daily-first composite,0.4925514330464251,VALID_DAYS,441.48740460163515,4.4148740460163516E8,1.0,441.48740460163515,4.4148740460163516E8,100.0,2022,"{""type"":""MultiPoint"",""coordinates"":[]}"
1_1_2_00000000000000000019,33,orbital-first calendar-month mean,ORBITAL_MONTHLY,426,7000 m dissertation-compatible AOI analysis scale; not the native Earth Engine L3 pixel size,7000.0,AOI_KRYVYI_RIH,VALID,pixelArea masked by final monthly pollutant raster,,approximately footprint-scale S5P/TROPOMI support; Earth Engine L3 grid spacing remains 1113.2 m,1,1113.2,426,2022-09,9,SO2,SO2_ORBITAL_MONTHLY_LEVEL1,native Earth Engine L3 SO2 ingestion QA retained; no additional qa_value or PRODUCT_QUALITY filter,EPSG:4326,SO2_column_number_density,COPERNICUS/S5P/OFFL/L3_SO2,426,NATIVE_L3_INGESTION_QA,15.0,11.082922586256883,11.0,6.0,9.0,13.0,1661990400000,per-pixel count of valid orbital L3 observations contributing to the monthly composite,,VALID_ORBITAL_OBSERVATIONS,441.48740460163515,4.4148740460163516E8,1.0,441.48740460163515,4.4148740460163516E8,100.0,2022,"{""type"":""MultiPoint"",""coordinates"":[]}"
1_1_2_0000000000000000001d,698,daily-first calendar-month mean,DAILY_FIRST,440,Earth Engine L3 grid-scale AOI reduction,1113.2,AOI_KRYVYI_RIH,VALID,pixelArea masked by final monthly pollutant raster,31,CO source footprint is coarser than the 1113.2 m Earth Engine L3 grid; 1113.2 m is not interpreted as independent native spatial resolution,1,1113.2,440,2022-10,10,CO,CO_DAILY_FIRST,Earth Engine L3 CO ingestion validity mask retained; no additional pixel QA filter,EPSG:4326,CO_column_number_density,COPERNICUS/S5P/OFFL/L3_CO,440,NATIVE_L3_MASK,23.0,18.73212077493815,18.999999999999996,15.0,17.0,20.000000000000007,1664582400000,valid calendar days contributing to the monthly daily-first composite,0.6042619571903598,VALID_DAYS,441.48740460163515,4.4148740460163516E8,1.0,441.48740460163515,4.4148740460163516E8,100.0,2022,"{""type"":""MultiPoint"",""coordinates"":[]}"
1_1_2_0000000000000000001b,698,daily-first calendar-month mean,DAILY_FIRST,440,Earth Engine L3 grid-scale AOI reduction,1113.2,AOI_KRYVYI_RIH,VALID,pixelArea masked by final monthly pollutant raster,31,TROPOMI footprint is coarser than the 1113.2 m Earth Engine L3 grid; not treated as independent 1.1 km observations,1,1113.2,433,2022-10,10,NO2,NO2_DAILY_FIRST_LEVEL1,PRODUCT_QUALITY = NOMINAL; native Earth Engine L3 NO2 validity screening retained,EPSG:4326,tropospheric_NO2_column_number_density,COPERNICUS/S5P/OFFL/L3_NO2,433,PRODUCT_QUALITY_NOMINAL,20.0,16.100474031327288,16.0,12.0,14.0,18.0,1664582400000,valid calendar days contributing to the monthly daily-first composite,0.519370124632447,VALID_DAYS,441.48740460163515,4.4148740460163516E8,1.0,441.48740460163515,4.4148740460163516E8,100.0,2022,"{""type"":""MultiPoint"",""coordinates"":[]}"
1_1_2_0000000000000000001c,33,orbital-first calendar-month mean,ORBITAL_MONTHLY,440,7000 m dissertation-compatible AOI analysis scale; not the native Earth Engine L3 pixel size,7000.0,AOI_KRYVYI_RIH,VALID,pixelArea masked by final monthly pollutant raster,,approximately footprint-scale S5P/TROPOMI support; Earth Engine L3 grid spacing remains 1113.2 m,1,1113.2,440,2022-10,10,SO2,SO2_ORBITAL_MONTHLY_LEVEL1,native Earth Engine L3 SO2 ingestion QA retained; no additional qa_value or PRODUCT_QUALITY filter,EPSG:4326,SO2_column_number_density,COPERNICUS/S5P/OFFL/L3_SO2,440,NATIVE_L3_INGESTION_QA,18.0,15.246158306755584,15.0,14.0,14.0,16.0,1664582400000,per-pixel count of valid orbital L3 observations contributing to the monthly composite,,VALID_ORBITAL_OBSERVATIONS,441.48740460163515,4.4148740460163516E8,1.0,441.48740460163515,4.4148740460163516E8,100.0,2022,"{""type"":""MultiPoint"",""coordinates"":[]}"
1_1_2_00000000000000000020,698,daily-first calendar-month mean,DAILY_FIRST,425,Earth Engine L3 grid-scale AOI reduction,1113.2,AOI_KRYVYI_RIH,VALID,pixelArea masked by final monthly pollutant raster,30,CO source footprint is coarser than the 1113.2 m Earth Engine L3 grid; 1113.2 m is not interpreted as independent native spatial resolution,1,1113.2,425,2022-11,11,CO,CO_DAILY_FIRST,Earth Engine L3 CO ingestion validity mask retained; no additional pixel QA filter,EPSG:4326,CO_column_number_density,COPERNICUS/S5P/OFFL/L3_CO,425,NATIVE_L3_MASK,22.0,18.34680102461429,19.00000000000001,15.0,16.999999999999993,19.00000000000001,1667260800000,valid calendar days contributing to the monthly daily-first composite,0.6115600381429551,VALID_DAYS,441.48740460163515,4.4148740460163516E8,1.0,441.48740460163515,4.4148740460163516E8,100.0,2022,"{""type"":""MultiPoint"",""coordinates"":[]}"
1_1_2_0000000000000000001f,0,orbital-first calendar-month mean,ORBITAL_MONTHLY,424,7000 m dissertation-compatible AOI analysis scale; not the native Earth Engine L3 pixel size,7000.0,AOI_KRYVYI_RIH,NA_NO_VALID_FINAL_RASTER_DATA,pixelArea masked by final monthly pollutant raster,,approximately footprint-scale S5P/TROPOMI support; Earth Engine L3 grid spacing remains 1113.2 m,0,1113.2,424,2022-11,11,SO2,SO2_ORBITAL_MONTHLY_LEVEL1,native Earth Engine L3 SO2 ingestion QA retained; no additional qa_value or PRODUCT_QUALITY filter,EPSG:4326,SO2_column_number_density,COPERNICUS/S5P/OFFL/L3_SO2,424,NATIVE_L3_INGESTION_QA,0.0,0.0,0.0,0.0,0.0,0.0,1667260800000,per-pixel count of valid orbital L3 observations contributing to the monthly composite,,VALID_ORBITAL_OBSERVATIONS,441.48740460163515,4.4148740460163516E8,0.0,0.0,0.0,0.0,2022,"{""type"":""MultiPoint"",""coordinates"":[]}"
1_1_2_0000000000000000001e,698,daily-first calendar-month mean,DAILY_FIRST,425,Earth Engine L3 grid-scale AOI reduction,1113.2,AOI_KRYVYI_RIH,VALID,pixelArea masked by final monthly pollutant raster,30,TROPOMI footprint is coarser than the 1113.2 m Earth Engine L3 grid; not treated as independent 1.1 km observations,1,1113.2,421,2022-11,11,NO2,NO2_DAILY_FIRST_LEVEL1,PRODUCT_QUALITY = NOMINAL; native Earth Engine L3 NO2 validity screening retained,EPSG:4326,tropospheric_NO2_column_number_density,COPERNICUS/S5P/OFFL/L3_NO2,421,PRODUCT_QUALITY_NOMINAL,8.0,5.8966626427982565,6.000000000000002,4.0,4.999999999999997,7.0,1667260800000,valid calendar days contributing to the monthly daily-first composite,0.19655542504386808,VALID_DAYS,441.48740460163515,4.4148740460163516E8,1.0,441.48740460163515,4.4148740460163516E8,100.0,2022,"{""type"":""MultiPoint"",""coordinates"":[]}"
1_1_2_00000000000000000023,698,daily-first calendar-month mean,DAILY_FIRST,439,Earth Engine L3 grid-scale AOI reduction,1113.2,AOI_KRYVYI_RIH,VALID,pixelArea masked by final monthly pollutant raster,31,CO source footprint is coarser than the 1113.2 m Earth Engine L3 grid; 1113.2 m is not interpreted as independent native spatial resolution,1,1113.2,439,2022-12,12,CO,CO_DAILY_FIRST,Earth Engine L3 CO ingestion validity mask retained; no additional pixel QA filter,EPSG:4326,CO_column_number_density,COPERNICUS/S5P/OFFL/L3_CO,439,NATIVE_L3_MASK,19.0,15.193683017312443,15.000000000000007,11.0,11.999999999999998,17.000000000000007,1669852800000,valid calendar days contributing to the monthly daily-first composite,0.490118798139628,VALID_DAYS,441.48740460163515,4.4148740460163516E8,1.0,441.48740460163515,4.4148740460163516E8,100.0,2022,"{""type"":""MultiPoint"",""coordinates"":[]}"
1_1_2_00000000000000000021,698,daily-first calendar-month mean,DAILY_FIRST,439,Earth Engine L3 grid-scale AOI reduction,1113.2,AOI_KRYVYI_RIH,VALID,pixelArea masked by final monthly pollutant raster,31,TROPOMI footprint is coarser than the 1113.2 m Earth Engine L3 grid; not treated as independent 1.1 km observations,1,1113.2,431,2022-12,12,NO2,NO2_DAILY_FIRST_LEVEL1,PRODUCT_QUALITY = NOMINAL; native Earth Engine L3 NO2 validity screening retained,EPSG:4326,tropospheric_NO2_column_number_density,COPERNICUS/S5P/OFFL/L3_NO2,431,PRODUCT_QUALITY_NOMINAL,10.0,8.445802908962426,8.999999999999996,6.0,6.999999999999999,8.999999999999996,1669852800000,valid calendar days contributing to the monthly daily-first composite,0.27244524700831885,VALID_DAYS,441.48740460163515,4.4148740460163516E8,1.0,441.48740460163515,4.4148740460163516E8,100.0,2022,"{""type"":""MultiPoint"",""coordinates"":[]}"
1_1_2_00000000000000000022,0,orbital-first calendar-month mean,ORBITAL_MONTHLY,439,7000 m dissertation-compatible AOI analysis scale; not the native Earth Engine L3 pixel size,7000.0,AOI_KRYVYI_RIH,NA_NO_VALID_FINAL_RASTER_DATA,pixelArea masked by final monthly pollutant raster,,approximately footprint-scale S5P/TROPOMI support; Earth Engine L3 grid spacing remains 1113.2 m,0,1113.2,439,2022-12,12,SO2,SO2_ORBITAL_MONTHLY_LEVEL1,native Earth Engine L3 SO2 ingestion QA retained; no additional qa_value or PRODUCT_QUALITY filter,EPSG:4326,SO2_column_number_density,COPERNICUS/S5P/OFFL/L3_SO2,439,NATIVE_L3_INGESTION_QA,0.0,0.0,0.0,0.0,0.0,0.0,1669852800000,per-pixel count of valid orbital L3 observations contributing to the monthly composite,,VALID_ORBITAL_OBSERVATIONS,441.48740460163515,4.4148740460163516E8,0.0,0.0,0.0,0.0,2022,"{""type"":""MultiPoint"",""coordinates"":[]}"
1_2_00000000000000000001,0,orbital-first calendar-month mean,ORBITAL_MONTHLY,440,7000 m dissertation-compatible AOI analysis scale; not the native Earth Engine L3 pixel size,7000.0,AOI_KRYVYI_RIH,NA_NO_VALID_FINAL_RASTER_DATA,pixelArea masked by final monthly pollutant raster,,approximately footprint-scale S5P/TROPOMI support; Earth Engine L3 grid spacing remains 1113.2 m,0,1113.2,440,2023-01,1,SO2,SO2_ORBITAL_MONTHLY_LEVEL1,native Earth Engine L3 SO2 ingestion QA retained; no additional qa_value or PRODUCT_QUALITY filter,EPSG:4326,SO2_column_number_density,COPERNICUS/S5P/OFFL/L3_SO2,440,NATIVE_L3_INGESTION_QA,0.0,0.0,0.0,0.0,0.0,0.0,1672531200000,per-pixel count of valid orbital L3 observations contributing to the monthly composite,,VALID_ORBITAL_OBSERVATIONS,441.48740460163515,4.4148740460163516E8,0.0,0.0,0.0,0.0,2023,"{""type"":""MultiPoint"",""coordinates"":[]}"
1_2_00000000000000000000,698,daily-first calendar-month mean,DAILY_FIRST,440,Earth Engine L3 grid-scale AOI reduction,1113.2,AOI_KRYVYI_RIH,VALID,pixelArea masked by final monthly pollutant raster,31,TROPOMI footprint is coarser than the 1113.2 m Earth Engine L3 grid; not treated as independent 1.1 km observations,1,1113.2,437,2023-01,1,NO2,NO2_DAILY_FIRST_LEVEL1,PRODUCT_QUALITY = NOMINAL; native Earth Engine L3 NO2 validity screening retained,EPSG:4326,tropospheric_NO2_column_number_density,COPERNICUS/S5P/OFFL/L3_NO2,437,PRODUCT_QUALITY_NOMINAL,10.0,8.320228771640563,8.0,7.0,8.0,9.0,1672531200000,valid calendar days contributing to the monthly daily-first composite,0.26839446850575555,VALID_DAYS,441.48740460163515,4.4148740460163516E8,1.0,441.48740460163515,4.4148740460163516E8,100.0,2023,"{""type"":""MultiPoint"",""coordinates"":[]}"
1_2_00000000000000000002,698,daily-first calendar-month mean,DAILY_FIRST,440,Earth Engine L3 grid-scale AOI reduction,1113.2,AOI_KRYVYI_RIH,VALID,pixelArea masked by final monthly pollutant raster,31,CO source footprint is coarser than the 1113.2 m Earth Engine L3 grid; 1113.2 m is not interpreted as independent native spatial resolution,1,1113.2,440,2023-01,1,CO,CO_DAILY_FIRST,Earth Engine L3 CO ingestion validity mask retained; no additional pixel QA filter,EPSG:4326,CO_column_number_density,COPERNICUS/S5P/OFFL/L3_CO,440,NATIVE_L3_MASK,25.0,21.773156871982106,22.000000000000018,17.0,19.999999999999993,23.999999999999986,1672531200000,valid calendar days contributing to the monthly daily-first composite,0.7023598917851758,VALID_DAYS,441.48740460163515,4.4148740460163516E8,1.0,441.48740460163515,4.4148740460163516E8,100.0,2023,"{""type"":""MultiPoint"",""coordinates"":[]}"
1_2_00000000000000000004,33,orbital-first calendar-month mean,ORBITAL_MONTHLY,397,7000 m dissertation-compatible AOI analysis scale; not the native Earth Engine L3 pixel size,7000.0,AOI_KRYVYI_RIH,VALID,pixelArea masked by final monthly pollutant raster,,approximately footprint-scale S5P/TROPOMI support; Earth Engine L3 grid spacing remains 1113.2 m,1,1113.2,397,2023-02,2,SO2,SO2_ORBITAL_MONTHLY_LEVEL1,native Earth Engine L3 SO2 ingestion QA retained; no additional qa_value or PRODUCT_QUALITY filter,EPSG:4326,SO2_column_number_density,COPERNICUS/S5P/OFFL/L3_SO2,397,NATIVE_L3_INGESTION_QA,5.0,2.966666666666667,3.0,2.0,2.0,4.0,1675209600000,per-pixel count of valid orbital L3 observations contributing to the monthly composite,,VALID_ORBITAL_OBSERVATIONS,441.48740460163515,4.4148740460163516E8,0.9980334247710295,440.61918640784313,4.406191864078431E8,99.80334247710296,2023,"{""type"":""MultiPoint"",""coordinates"":[]}"
1_2_00000000000000000003,698,daily-first calendar-month mean,DAILY_FIRST,397,Earth Engine L3 grid-scale AOI reduction,1113.2,AOI_KRYVYI_RIH,VALID,pixelArea masked by final monthly pollutant raster,28,TROPOMI footprint is coarser than the 1113.2 m Earth Engine L3 grid; not treated as independent 1.1 km observations,1,1113.2,393,2023-02,2,NO2,NO2_DAILY_FIRST_LEVEL1,PRODUCT_QUALITY = NOMINAL; native Earth Engine L3 NO2 validity screening retained,EPSG:4326,tropospheric_NO2_column_number_density,COPERNICUS/S5P/OFFL/L3_NO2,393,PRODUCT_QUALITY_NOMINAL,11.0,9.199380226121768,10.0,5.0,6.0,10.0,1675209600000,valid calendar days contributing to the monthly daily-first composite,0.3285492967197567,VALID_DAYS,441.48740460163515,4.4148740460163516E8,1.0,441.48740460163515,4.4148740460163516E8,100.0,2023,"{""type"":""MultiPoint"",""coordinates"":[]}"
1_2_00000000000000000005,698,daily-first calendar-month mean,DAILY_FIRST,397,Earth Engine L3 grid-scale AOI reduction,1113.2,AOI_KRYVYI_RIH,VALID,pixelArea masked by final monthly pollutant raster,28,CO source footprint is coarser than the 1113.2 m Earth Engine L3 grid; 1113.2 m is not interpreted as independent native spatial resolution,1,1113.2,397,2023-02,2,CO,CO_DAILY_FIRST,Earth Engine L3 CO ingestion validity mask retained; no additional pixel QA filter,EPSG:4326,CO_column_number_density,COPERNICUS/S5P/OFFL/L3_CO,397,NATIVE_L3_MASK,23.0,21.029067542103395,21.000000000000007,18.0,19.000000000000004,21.999999999999993,1675209600000,valid calendar days contributing to the monthly daily-first composite,0.751038120201154,VALID_DAYS,441.48740460163515,4.4148740460163516E8,1.0,441.48740460163515,4.4148740460163516E8,100.0,2023,"{""type"":""MultiPoint"",""coordinates"":[]}"
1_2_00000000000000000007,33,orbital-first calendar-month mean,ORBITAL_MONTHLY,440,7000 m dissertation-compatible AOI analysis scale; not the native Earth Engine L3 pixel size,7000.0,AOI_KRYVYI_RIH,VALID,pixelArea masked by final monthly pollutant raster,,approximately footprint-scale S5P/TROPOMI support; Earth Engine L3 grid spacing remains 1113.2 m,1,1113.2,440,2023-03,3,SO2,SO2_ORBITAL_MONTHLY_LEVEL1,native Earth Engine L3 SO2 ingestion QA retained; no additional qa_value or PRODUCT_QUALITY filter,EPSG:4326,SO2_column_number_density,COPERNICUS/S5P/OFFL/L3_SO2,440,NATIVE_L3_INGESTION_QA,22.0,18.98811249637576,19.0,17.0,17.0,21.0,1677628800000,per-pixel count of valid orbital L3 observations contributing to the monthly composite,,VALID_ORBITAL_OBSERVATIONS,441.48740460163515,4.4148740460163516E8,1.0,441.48740460163515,4.4148740460163516E8,100.0,2023,"{""type"":""MultiPoint"",""coordinates"":[]}"
1_2_00000000000000000008,698,daily-first calendar-month mean,DAILY_FIRST,440,Earth Engine L3 grid-scale AOI reduction,1113.2,AOI_KRYVYI_RIH,VALID,pixelArea masked by final monthly pollutant raster,31,CO source footprint is coarser than the 1113.2 m Earth Engine L3 grid; 1113.2 m is not interpreted as independent native spatial resolution,1,1113.2,440,2023-03,3,CO,CO_DAILY_FIRST,Earth Engine L3 CO ingestion validity mask retained; no additional pixel QA filter,EPSG:4326,CO_column_number_density,COPERNICUS/S5P/OFFL/L3_CO,440,NATIVE_L3_MASK,18.0,14.869538334707327,15.000000000000005,10.0,12.999999999999996,17.000000000000004,1677628800000,valid calendar days contributing to the monthly daily-first composite,0.47966251590964487,VALID_DAYS,441.48740460163515,4.4148740460163516E8,1.0,441.48740460163515,4.4148740460163516E8,100.0,2023,"{""type"":""MultiPoint"",""coordinates"":[]}"
1_2_00000000000000000006,698,daily-first calendar-month mean,DAILY_FIRST,440,Earth Engine L3 grid-scale AOI reduction,1113.2,AOI_KRYVYI_RIH,VALID,pixelArea masked by final monthly pollutant raster,31,TROPOMI footprint is coarser than the 1113.2 m Earth Engine L3 grid; not treated as independent 1.1 km observations,1,1113.2,438,2023-03,3,NO2,NO2_DAILY_FIRST_LEVEL1,PRODUCT_QUALITY = NOMINAL; native Earth Engine L3 NO2 validity screening retained,EPSG:4326,tropospheric_NO2_column_number_density,COPERNICUS/S5P/OFFL/L3_NO2,438,PRODUCT_QUALITY_NOMINAL,16.0,15.043163349428793,14.99999999999999,14.0,14.0,16.0,1677628800000,valid calendar days contributing to the monthly daily-first composite,0.48526331939056744,VALID_DAYS,441.48740460163515,4.4148740460163516E8,1.0,441.48740460163515,4.4148740460163516E8,100.0,2023,"{""type"":""MultiPoint"",""coordinates"":[]}"
1_2_00000000000000000009,698,daily-first calendar-month mean,DAILY_FIRST,426,Earth Engine L3 grid-scale AOI reduction,1113.2,AOI_KRYVYI_RIH,VALID,pixelArea masked by final monthly pollutant raster,30,TROPOMI footprint is coarser than the 1113.2 m Earth Engine L3 grid; not treated as independent 1.1 km observations,1,1113.2,423,2023-04,4,NO2,NO2_DAILY_FIRST_LEVEL1,PRODUCT_QUALITY = NOMINAL; native Earth Engine L3 NO2 validity screening retained,EPSG:4326,tropospheric_NO2_column_number_density,COPERNICUS/S5P/OFFL/L3_NO2,423,PRODUCT_QUALITY_NOMINAL,8.0,4.79345041808974,4.999999999999998,2.0,2.999999999999999,5.999999999999997,1680307200000,valid calendar days contributing to the monthly daily-first composite,0.1597816843352246,VALID_DAYS,441.48740460163515,4.4148740460163516E8,1.0,441.48740460163515,4.4148740460163516E8,100.0,2023,"{""type"":""MultiPoint"",""coordinates"":[]}"
1_2_0000000000000000000b,698,daily-first calendar-month mean,DAILY_FIRST,415,Earth Engine L3 grid-scale AOI reduction,1113.2,AOI_KRYVYI_RIH,VALID,pixelArea masked by final monthly pollutant raster,30,CO source footprint is coarser than the 1113.2 m Earth Engine L3 grid; 1113.2 m is not interpreted as independent native spatial resolution,1,1113.2,415,2023-04,4,CO,CO_DAILY_FIRST,Earth Engine L3 CO ingestion validity mask retained; no additional pixel QA filter,EPSG:4326,CO_column_number_density,COPERNICUS/S5P/OFFL/L3_CO,415,NATIVE_L3_MASK,16.0,11.0541529266282,11.0,6.0,9.000000000000002,12.999999999999998,1680307200000,valid calendar days contributing to the monthly daily-first composite,0.3684717721194243,VALID_DAYS,441.48740460163515,4.4148740460163516E8,1.0,441.48740460163515,4.4148740460163516E8,100.0,2023,"{""type"":""MultiPoint"",""coordinates"":[]}"
1_2_0000000000000000000a,33,orbital-first calendar-month mean,ORBITAL_MONTHLY,426,7000 m dissertation-compatible AOI analysis scale; not the native Earth Engine L3 pixel size,7000.0,AOI_KRYVYI_RIH,VALID,pixelArea masked by final monthly pollutant raster,,approximately footprint-scale S5P/TROPOMI support; Earth Engine L3 grid spacing remains 1113.2 m,1,1113.2,426,2023-04,4,SO2,SO2_ORBITAL_MONTHLY_LEVEL1,native Earth Engine L3 SO2 ingestion QA retained; no additional qa_value or PRODUCT_QUALITY filter,EPSG:4326,SO2_column_number_density,COPERNICUS/S5P/OFFL/L3_SO2,426,NATIVE_L3_INGESTION_QA,9.0,6.411713540156568,7.0,3.0,4.0,8.0,1680307200000,per-pixel count of valid orbital L3 observations contributing to the monthly composite,,VALID_ORBITAL_OBSERVATIONS,441.48740460163515,4.4148740460163516E8,1.0,441.48740460163515,4.4148740460163516E8,100.0,2023,"{""type"":""MultiPoint"",""coordinates"":[]}"
1_2_0000000000000000000c,698,daily-first calendar-month mean,DAILY_FIRST,401,Earth Engine L3 grid-scale AOI reduction,1113.2,AOI_KRYVYI_RIH,VALID,pixelArea masked by final monthly pollutant raster,31,TROPOMI footprint is coarser than the 1113.2 m Earth Engine L3 grid; not treated as independent 1.1 km observations,1,1113.2,398,2023-05,5,NO2,NO2_DAILY_FIRST_LEVEL1,PRODUCT_QUALITY = NOMINAL; native Earth Engine L3 NO2 validity screening retained,EPSG:4326,tropospheric_NO2_column_number_density,COPERNICUS/S5P/OFFL/L3_NO2,398,PRODUCT_QUALITY_NOMINAL,18.0,14.3232981980921,13.999999999999993,9.0,13.0,16.0,1682899200000,valid calendar days contributing to the monthly daily-first composite,0.46204186505984113,VALID_DAYS,441.48740460163515,4.4148740460163516E8,1.0,441.48740460163515,4.4148740460163516E8,100.0,2023,"{""type"":""MultiPoint"",""coordinates"":[]}"
1_2_0000000000000000000e,698,daily-first calendar-month mean,DAILY_FIRST,438,Earth Engine L3 grid-scale AOI reduction,1113.2,AOI_KRYVYI_RIH,VALID,pixelArea masked by final monthly pollutant raster,31,CO source footprint is coarser than the 1113.2 m Earth Engine L3 grid; 1113.2 m is not interpreted as independent native spatial resolution,1,1113.2,438,2023-05,5,CO,CO_DAILY_FIRST,Earth Engine L3 CO ingestion validity mask retained; no additional pixel QA filter,EPSG:4326,CO_column_number_density,COPERNICUS/S5P/OFFL/L3_CO,438,NATIVE_L3_MASK,25.0,21.40360381580496,21.0,18.0,19.999999999999993,23.0,1682899200000,valid calendar days contributing to the monthly daily-first composite,0.6904388270239397,VALID_DAYS,441.48740460163515,4.4148740460163516E8,1.0,441.48740460163515,4.4148740460163516E8,100.0,2023,"{""type"":""MultiPoint"",""coordinates"":[]}"
1_2_0000000000000000000d,33,orbital-first calendar-month mean,ORBITAL_MONTHLY,438,7000 m dissertation-compatible AOI analysis scale; not the native Earth Engine L3 pixel size,7000.0,AOI_KRYVYI_RIH,VALID,pixelArea masked by final monthly pollutant raster,,approximately footprint-scale S5P/TROPOMI support; Earth Engine L3 grid spacing remains 1113.2 m,1,1113.2,438,2023-05,5,SO2,SO2_ORBITAL_MONTHLY_LEVEL1,native Earth Engine L3 SO2 ingestion QA retained; no additional qa_value or PRODUCT_QUALITY filter,EPSG:4326,SO2_column_number_density,COPERNICUS/S5P/OFFL/L3_SO2,438,NATIVE_L3_INGESTION_QA,25.0,22.61988982313714,23.0,17.0,21.0,25.0,1682899200000,per-pixel count of valid orbital L3 observations contributing to the monthly composite,,VALID_ORBITAL_OBSERVATIONS,441.48740460163515,4.4148740460163516E8,1.0,441.48740460163515,4.4148740460163516E8,100.0,2023,"{""type"":""MultiPoint"",""coordinates"":[]}"
1_2_0000000000000000000f,698,daily-first calendar-month mean,DAILY_FIRST,392,Earth Engine L3 grid-scale AOI reduction,1113.2,AOI_KRYVYI_RIH,VALID,pixelArea masked by final monthly pollutant raster,30,TROPOMI footprint is coarser than the 1113.2 m Earth Engine L3 grid; not treated as independent 1.1 km observations,1,1113.2,390,2023-06,6,NO2,NO2_DAILY_FIRST_LEVEL1,PRODUCT_QUALITY = NOMINAL; native Earth Engine L3 NO2 validity screening retained,EPSG:4326,tropospheric_NO2_column_number_density,COPERNICUS/S5P/OFFL/L3_NO2,390,PRODUCT_QUALITY_NOMINAL,19.0,15.722728477211156,16.0,12.0,12.999999999999996,18.0,1685577600000,valid calendar days contributing to the monthly daily-first composite,0.5240909579565249,VALID_DAYS,441.48740460163515,4.4148740460163516E8,1.0,441.48740460163515,4.4148740460163516E8,100.0,2023,"{""type"":""MultiPoint"",""coordinates"":[]}"
1_2_00000000000000000010,33,orbital-first calendar-month mean,ORBITAL_MONTHLY,426,7000 m dissertation-compatible AOI analysis scale; not the native Earth Engine L3 pixel size,7000.0,AOI_KRYVYI_RIH,VALID,pixelArea masked by final monthly pollutant raster,,approximately footprint-scale S5P/TROPOMI support; Earth Engine L3 grid spacing remains 1113.2 m,1,1113.2,426,2023-06,6,SO2,SO2_ORBITAL_MONTHLY_LEVEL1,native Earth Engine L3 SO2 ingestion QA retained; no additional qa_value or PRODUCT_QUALITY filter,EPSG:4326,SO2_column_number_density,COPERNICUS/S5P/OFFL/L3_SO2,426,NATIVE_L3_INGESTION_QA,29.0,26.148158886633805,26.0,21.0,23.0,29.0,1685577600000,per-pixel count of valid orbital L3 observations contributing to the monthly composite,,VALID_ORBITAL_OBSERVATIONS,441.48740460163515,4.4148740460163516E8,1.0,441.48740460163515,4.4148740460163516E8,100.0,2023,"{""type"":""MultiPoint"",""coordinates"":[]}"
1_2_00000000000000000011,698,daily-first calendar-month mean,DAILY_FIRST,426,Earth Engine L3 grid-scale AOI reduction,1113.2,AOI_KRYVYI_RIH,VALID,pixelArea masked by final monthly pollutant raster,30,CO source footprint is coarser than the 1113.2 m Earth Engine L3 grid; 1113.2 m is not interpreted as independent native spatial resolution,1,1113.2,426,2023-06,6,CO,CO_DAILY_FIRST,Earth Engine L3 CO ingestion validity mask retained; no additional pixel QA filter,EPSG:4326,CO_column_number_density,COPERNICUS/S5P/OFFL/L3_CO,426,NATIVE_L3_MASK,26.0,22.06705629490047,21.999999999999996,17.0,20.0,23.999999999999996,1685577600000,valid calendar days contributing to the monthly daily-first composite,0.7355685431214933,VALID_DAYS,441.48740460163515,4.4148740460163516E8,1.0,441.48740460163515,4.4148740460163516E8,100.0,2023,"{""type"":""MultiPoint"",""coordinates"":[]}"
1_2_00000000000000000014,698,daily-first calendar-month mean,DAILY_FIRST,439,Earth Engine L3 grid-scale AOI reduction,1113.2,AOI_KRYVYI_RIH,VALID,pixelArea masked by final monthly pollutant raster,31,CO source footprint is coarser than the 1113.2 m Earth Engine L3 grid; 1113.2 m is not interpreted as independent native spatial resolution,1,1113.2,439,2023-07,7,CO,CO_DAILY_FIRST,Earth Engine L3 CO ingestion validity mask retained; no additional pixel QA filter,EPSG:4326,CO_column_number_density,COPERNICUS/S5P/OFFL/L3_CO,439,NATIVE_L3_MASK,27.0,22.918685961606396,23.000000000000007,19.0,20.999999999999996,24.99999999999998,1688169600000,valid calendar days contributing to the monthly daily-first composite,0.7393124440515786,VALID_DAYS,441.48740460163515,4.4148740460163516E8,1.0,441.48740460163515,4.4148740460163516E8,100.0,2023,"{""type"":""MultiPoint"",""coordinates"":[]}"
1_2_00000000000000000012,698,daily-first calendar-month mean,DAILY_FIRST,414,Earth Engine L3 grid-scale AOI reduction,1113.2,AOI_KRYVYI_RIH,VALID,pixelArea masked by final monthly pollutant raster,31,TROPOMI footprint is coarser than the 1113.2 m Earth Engine L3 grid; not treated as independent 1.1 km observations,1,1113.2,405,2023-07,7,NO2,NO2_DAILY_FIRST_LEVEL1,PRODUCT_QUALITY = NOMINAL; native Earth Engine L3 NO2 validity screening retained,EPSG:4326,tropospheric_NO2_column_number_density,COPERNICUS/S5P/OFFL/L3_NO2,405,PRODUCT_QUALITY_NOMINAL,24.0,20.91671328465433,21.000000000000004,17.0,18.0,23.000000000000004,1688169600000,valid calendar days contributing to the monthly daily-first composite,0.6747326802915552,VALID_DAYS,441.48740460163515,4.4148740460163516E8,1.0,441.48740460163515,4.4148740460163516E8,100.0,2023,"{""type"":""MultiPoint"",""coordinates"":[]}"
1_2_00000000000000000013,33,orbital-first calendar-month mean,ORBITAL_MONTHLY,437,7000 m dissertation-compatible AOI analysis scale; not the native Earth Engine L3 pixel size,7000.0,AOI_KRYVYI_RIH,VALID,pixelArea masked by final monthly pollutant raster,,approximately footprint-scale S5P/TROPOMI support; Earth Engine L3 grid spacing remains 1113.2 m,1,1113.2,437,2023-07,7,SO2,SO2_ORBITAL_MONTHLY_LEVEL1,native Earth Engine L3 SO2 ingestion QA retained; no additional qa_value or PRODUCT_QUALITY filter,EPSG:4326,SO2_column_number_density,COPERNICUS/S5P/OFFL/L3_SO2,437,NATIVE_L3_INGESTION_QA,30.0,27.751812119454915,28.0,24.0,26.0,30.0,1688169600000,per-pixel count of valid orbital L3 observations contributing to the monthly composite,,VALID_ORBITAL_OBSERVATIONS,441.48740460163515,4.4148740460163516E8,1.0,441.48740460163515,4.4148740460163516E8,100.0,2023,"{""type"":""MultiPoint"",""coordinates"":[]}"
1_2_00000000000000000015,698,daily-first calendar-month mean,DAILY_FIRST,439,Earth Engine L3 grid-scale AOI reduction,1113.2,AOI_KRYVYI_RIH,VALID,pixelArea masked by final monthly pollutant raster,31,TROPOMI footprint is coarser than the 1113.2 m Earth Engine L3 grid; not treated as independent 1.1 km observations,1,1113.2,426,2023-08,8,NO2,NO2_DAILY_FIRST_LEVEL1,PRODUCT_QUALITY = NOMINAL; native Earth Engine L3 NO2 validity screening retained,EPSG:4326,tropospheric_NO2_column_number_density,COPERNICUS/S5P/OFFL/L3_NO2,426,PRODUCT_QUALITY_NOMINAL,29.0,27.692556824873396,28.000000000000007,26.0,27.000000000000004,29.0,1690848000000,valid calendar days contributing to the monthly daily-first composite,0.8933082727908198,VALID_DAYS,441.48740460163515,4.4148740460163516E8,1.0,441.48740460163515,4.4148740460163516E8,100.0,2023,"{""type"":""MultiPoint"",""coordinates"":[]}"
1_2_00000000000000000016,33,orbital-first calendar-month mean,ORBITAL_MONTHLY,439,7000 m dissertation-compatible AOI analysis scale; not the native Earth Engine L3 pixel size,7000.0,AOI_KRYVYI_RIH,VALID,pixelArea masked by final monthly pollutant raster,,approximately footprint-scale S5P/TROPOMI support; Earth Engine L3 grid spacing remains 1113.2 m,1,1113.2,439,2023-08,8,SO2,SO2_ORBITAL_MONTHLY_LEVEL1,native Earth Engine L3 SO2 ingestion QA retained; no additional qa_value or PRODUCT_QUALITY filter,EPSG:4326,SO2_column_number_density,COPERNICUS/S5P/OFFL/L3_SO2,439,NATIVE_L3_INGESTION_QA,40.0,36.93302406494635,37.0,33.0,34.0,39.0,1690848000000,per-pixel count of valid orbital L3 observations contributing to the monthly composite,,VALID_ORBITAL_OBSERVATIONS,441.48740460163515,4.4148740460163516E8,1.0,441.48740460163515,4.4148740460163516E8,100.0,2023,"{""type"":""MultiPoint"",""coordinates"":[]}"
1_2_00000000000000000017,698,daily-first calendar-month mean,DAILY_FIRST,438,Earth Engine L3 grid-scale AOI reduction,1113.2,AOI_KRYVYI_RIH,VALID,pixelArea masked by final monthly pollutant raster,31,CO source footprint is coarser than the 1113.2 m Earth Engine L3 grid; 1113.2 m is not interpreted as independent native spatial resolution,1,1113.2,438,2023-08,8,CO,CO_DAILY_FIRST,Earth Engine L3 CO ingestion validity mask retained; no additional pixel QA filter,EPSG:4326,CO_column_number_density,COPERNICUS/S5P/OFFL/L3_CO,438,NATIVE_L3_MASK,30.0,26.777411376751846,27.000000000000004,24.0,24.999999999999993,27.999999999999993,1690848000000,valid calendar days contributing to the monthly daily-first composite,0.863787452035603,VALID_DAYS,441.48740460163515,4.4148740460163516E8,1.0,441.48740460163515,4.4148740460163516E8,100.0,2023,"{""type"":""MultiPoint"",""coordinates"":[]}"
1_2_00000000000000000018,698,daily-first calendar-month mean,DAILY_FIRST,425,Earth Engine L3 grid-scale AOI reduction,1113.2,AOI_KRYVYI_RIH,VALID,pixelArea masked by final monthly pollutant raster,30,TROPOMI footprint is coarser than the 1113.2 m Earth Engine L3 grid; not treated as independent 1.1 km observations,1,1113.2,409,2023-09,9,NO2,NO2_DAILY_FIRST_LEVEL1,PRODUCT_QUALITY = NOMINAL; native Earth Engine L3 NO2 validity screening retained,EPSG:4326,tropospheric_NO2_column_number_density,COPERNICUS/S5P/OFFL/L3_NO2,409,PRODUCT_QUALITY_NOMINAL,29.0,27.05408668001414,27.000000000000018,25.0,26.0,27.999999999999982,1693526400000,valid calendar days contributing to the monthly daily-first composite,0.9018028790054216,VALID_DAYS,441.48740460163515,4.4148740460163516E8,1.0,441.48740460163515,4.4148740460163516E8,100.0,2023,"{""type"":""MultiPoint"",""coordinates"":[]}"
1_2_00000000000000000019,33,orbital-first calendar-month mean,ORBITAL_MONTHLY,425,7000 m dissertation-compatible AOI analysis scale; not the native Earth Engine L3 pixel size,7000.0,AOI_KRYVYI_RIH,VALID,pixelArea masked by final monthly pollutant raster,,approximately footprint-scale S5P/TROPOMI support; Earth Engine L3 grid spacing remains 1113.2 m,1,1113.2,425,2023-09,9,SO2,SO2_ORBITAL_MONTHLY_LEVEL1,native Earth Engine L3 SO2 ingestion QA retained; no additional qa_value or PRODUCT_QUALITY filter,EPSG:4326,SO2_column_number_density,COPERNICUS/S5P/OFFL/L3_SO2,425,NATIVE_L3_INGESTION_QA,42.0,39.779646274282406,40.0,37.0,38.0,41.0,1693526400000,per-pixel count of valid orbital L3 observations contributing to the monthly composite,,VALID_ORBITAL_OBSERVATIONS,441.48740460163515,4.4148740460163516E8,1.0,441.48740460163515,4.4148740460163516E8,100.0,2023,"{""type"":""MultiPoint"",""coordinates"":[]}"
1_2_0000000000000000001a,698,daily-first calendar-month mean,DAILY_FIRST,425,Earth Engine L3 grid-scale AOI reduction,1113.2,AOI_KRYVYI_RIH,VALID,pixelArea masked by final monthly pollutant raster,30,CO source footprint is coarser than the 1113.2 m Earth Engine L3 grid; 1113.2 m is not interpreted as independent native spatial resolution,1,1113.2,425,2023-09,9,CO,CO_DAILY_FIRST,Earth Engine L3 CO ingestion validity mask retained; no additional pixel QA filter,EPSG:4326,CO_column_number_density,COPERNICUS/S5P/OFFL/L3_CO,425,NATIVE_L3_MASK,28.0,23.5633759274526,23.999999999999993,18.0,21.0,25.999999999999996,1693526400000,valid calendar days contributing to the monthly daily-first composite,0.785445862069871,VALID_DAYS,441.48740460163515,4.4148740460163516E8,1.0,441.48740460163515,4.4148740460163516E8,100.0,2023,"{""type"":""MultiPoint"",""coordinates"":[]}"
1_2_0000000000000000001d,698,daily-first calendar-month mean,DAILY_FIRST,440,Earth Engine L3 grid-scale AOI reduction,1113.2,AOI_KRYVYI_RIH,VALID,pixelArea masked by final monthly pollutant raster,31,CO source footprint is coarser than the 1113.2 m Earth Engine L3 grid; 1113.2 m is not interpreted as independent native spatial resolution,1,1113.2,440,2023-10,10,CO,CO_DAILY_FIRST,Earth Engine L3 CO ingestion validity mask retained; no additional pixel QA filter,EPSG:4326,CO_column_number_density,COPERNICUS/S5P/OFFL/L3_CO,440,NATIVE_L3_MASK,22.0,18.325565304439994,18.000000000000004,13.0,16.0,20.999999999999996,1696118400000,valid calendar days contributing to the monthly daily-first composite,0.5911472637845556,VALID_DAYS,441.48740460163515,4.4148740460163516E8,1.0,441.48740460163515,4.4148740460163516E8,100.0,2023,"{""type"":""MultiPoint"",""coordinates"":[]}"
1_2_0000000000000000001c,33,orbital-first calendar-month mean,ORBITAL_MONTHLY,440,7000 m dissertation-compatible AOI analysis scale; not the native Earth Engine L3 pixel size,7000.0,AOI_KRYVYI_RIH,VALID,pixelArea masked by final monthly pollutant raster,,approximately footprint-scale S5P/TROPOMI support; Earth Engine L3 grid spacing remains 1113.2 m,1,1113.2,440,2023-10,10,SO2,SO2_ORBITAL_MONTHLY_LEVEL1,native Earth Engine L3 SO2 ingestion QA retained; no additional qa_value or PRODUCT_QUALITY filter,EPSG:4326,SO2_column_number_density,COPERNICUS/S5P/OFFL/L3_SO2,440,NATIVE_L3_INGESTION_QA,20.0,18.454044650623363,18.0,16.0,18.0,19.0,1696118400000,per-pixel count of valid orbital L3 observations contributing to the monthly composite,,VALID_ORBITAL_OBSERVATIONS,441.48740460163515,4.4148740460163516E8,1.0,441.48740460163515,4.4148740460163516E8,100.0,2023,"{""type"":""MultiPoint"",""coordinates"":[]}"
1_2_0000000000000000001b,698,daily-first calendar-month mean,DAILY_FIRST,440,Earth Engine L3 grid-scale AOI reduction,1113.2,AOI_KRYVYI_RIH,VALID,pixelArea masked by final monthly pollutant raster,31,TROPOMI footprint is coarser than the 1113.2 m Earth Engine L3 grid; not treated as independent 1.1 km observations,1,1113.2,431,2023-10,10,NO2,NO2_DAILY_FIRST_LEVEL1,PRODUCT_QUALITY = NOMINAL; native Earth Engine L3 NO2 validity screening retained,EPSG:4326,tropospheric_NO2_column_number_density,COPERNICUS/S5P/OFFL/L3_NO2,431,PRODUCT_QUALITY_NOMINAL,24.0,22.11600518195737,22.999999999999996,19.0,19.999999999999993,22.999999999999996,1696118400000,valid calendar days contributing to the monthly daily-first composite,0.7134195177581897,VALID_DAYS,441.48740460163515,4.4148740460163516E8,1.0,441.48740460163515,4.4148740460163516E8,100.0,2023,"{""type"":""MultiPoint"",""coordinates"":[]}"
1_2_00000000000000000020,698,daily-first calendar-month mean,DAILY_FIRST,426,Earth Engine L3 grid-scale AOI reduction,1113.2,AOI_KRYVYI_RIH,VALID,pixelArea masked by final monthly pollutant raster,30,CO source footprint is coarser than the 1113.2 m Earth Engine L3 grid; 1113.2 m is not interpreted as independent native spatial resolution,1,1113.2,426,2023-11,11,CO,CO_DAILY_FIRST,Earth Engine L3 CO ingestion validity mask retained; no additional pixel QA filter,EPSG:4326,CO_column_number_density,COPERNICUS/S5P/OFFL/L3_CO,426,NATIVE_L3_MASK,17.0,13.121628783417725,13.000000000000004,8.0,10.999999999999998,14.999999999999991,1698796800000,valid calendar days contributing to the monthly daily-first composite,0.4373876304539983,VALID_DAYS,441.48740460163515,4.4148740460163516E8,1.0,441.48740460163515,4.4148740460163516E8,100.0,2023,"{""type"":""MultiPoint"",""coordinates"":[]}"
1_2_0000000000000000001e,698,daily-first calendar-month mean,DAILY_FIRST,425,Earth Engine L3 grid-scale AOI reduction,1113.2,AOI_KRYVYI_RIH,VALID,pixelArea masked by final monthly pollutant raster,30,TROPOMI footprint is coarser than the 1113.2 m Earth Engine L3 grid; not treated as independent 1.1 km observations,1,1113.2,418,2023-11,11,NO2,NO2_DAILY_FIRST_LEVEL1,PRODUCT_QUALITY = NOMINAL; native Earth Engine L3 NO2 validity screening retained,EPSG:4326,tropospheric_NO2_column_number_density,COPERNICUS/S5P/OFFL/L3_NO2,418,PRODUCT_QUALITY_NOMINAL,9.0,7.274003356495111,7.000000000000003,5.0,5.999999999999999,8.0,1698796800000,valid calendar days contributing to the monthly daily-first composite,0.2424667846933999,VALID_DAYS,441.48740460163515,4.4148740460163516E8,1.0,441.48740460163515,4.4148740460163516E8,100.0,2023,"{""type"":""MultiPoint"",""coordinates"":[]}"
1_2_0000000000000000001f,0,orbital-first calendar-month mean,ORBITAL_MONTHLY,422,7000 m dissertation-compatible AOI analysis scale; not the native Earth Engine L3 pixel size,7000.0,AOI_KRYVYI_RIH,NA_NO_VALID_FINAL_RASTER_DATA,pixelArea masked by final monthly pollutant raster,,approximately footprint-scale S5P/TROPOMI support; Earth Engine L3 grid spacing remains 1113.2 m,0,1113.2,422,2023-11,11,SO2,SO2_ORBITAL_MONTHLY_LEVEL1,native Earth Engine L3 SO2 ingestion QA retained; no additional qa_value or PRODUCT_QUALITY filter,EPSG:4326,SO2_column_number_density,COPERNICUS/S5P/OFFL/L3_SO2,422,NATIVE_L3_INGESTION_QA,0.0,0.0,0.0,0.0,0.0,0.0,1698796800000,per-pixel count of valid orbital L3 observations contributing to the monthly composite,,VALID_ORBITAL_OBSERVATIONS,441.48740460163515,4.4148740460163516E8,0.0,0.0,0.0,0.0,2023,"{""type"":""MultiPoint"",""coordinates"":[]}"
1_2_00000000000000000021,698,daily-first calendar-month mean,DAILY_FIRST,438,Earth Engine L3 grid-scale AOI reduction,1113.2,AOI_KRYVYI_RIH,VALID,pixelArea masked by final monthly pollutant raster,31,TROPOMI footprint is coarser than the 1113.2 m Earth Engine L3 grid; not treated as independent 1.1 km observations,1,1113.2,434,2023-12,12,NO2,NO2_DAILY_FIRST_LEVEL1,PRODUCT_QUALITY = NOMINAL; native Earth Engine L3 NO2 validity screening retained,EPSG:4326,tropospheric_NO2_column_number_density,COPERNICUS/S5P/OFFL/L3_NO2,434,PRODUCT_QUALITY_NOMINAL,7.0,5.447289777411378,5.0,5.0,5.0,6.0,1701388800000,valid calendar days contributing to the monthly daily-first composite,0.17571901984095148,VALID_DAYS,441.48740460163515,4.4148740460163516E8,1.0,441.48740460163515,4.4148740460163516E8,100.0,2023,"{""type"":""MultiPoint"",""coordinates"":[]}"
1_2_00000000000000000023,698,daily-first calendar-month mean,DAILY_FIRST,438,Earth Engine L3 grid-scale AOI reduction,1113.2,AOI_KRYVYI_RIH,VALID,pixelArea masked by final monthly pollutant raster,31,CO source footprint is coarser than the 1113.2 m Earth Engine L3 grid; 1113.2 m is not interpreted as independent native spatial resolution,1,1113.2,438,2023-12,12,CO,CO_DAILY_FIRST,Earth Engine L3 CO ingestion validity mask retained; no additional pixel QA filter,EPSG:4326,CO_column_number_density,COPERNICUS/S5P/OFFL/L3_CO,438,NATIVE_L3_MASK,23.0,17.387925450476963,18.0,11.0,13.0,21.0,1701388800000,valid calendar days contributing to the monthly daily-first composite,0.5609008134049326,VALID_DAYS,441.48740460163515,4.4148740460163516E8,1.0,441.48740460163515,4.4148740460163516E8,100.0,2023,"{""type"":""MultiPoint"",""coordinates"":[]}"
1_2_00000000000000000022,0,orbital-first calendar-month mean,ORBITAL_MONTHLY,436,7000 m dissertation-compatible AOI analysis scale; not the native Earth Engine L3 pixel size,7000.0,AOI_KRYVYI_RIH,NA_NO_VALID_FINAL_RASTER_DATA,pixelArea masked by final monthly pollutant raster,,approximately footprint-scale S5P/TROPOMI support; Earth Engine L3 grid spacing remains 1113.2 m,0,1113.2,436,2023-12,12,SO2,SO2_ORBITAL_MONTHLY_LEVEL1,native Earth Engine L3 SO2 ingestion QA retained; no additional qa_value or PRODUCT_QUALITY filter,EPSG:4326,SO2_column_number_density,COPERNICUS/S5P/OFFL/L3_SO2,436,NATIVE_L3_INGESTION_QA,0.0,0.0,0.0,0.0,0.0,0.0,1701388800000,per-pixel count of valid orbital L3 observations contributing to the monthly composite,,VALID_ORBITAL_OBSERVATIONS,441.48740460163515,4.4148740460163516E8,0.0,0.0,0.0,0.0,2023,"{""type"":""MultiPoint"",""coordinates"":[]}"
2_00000000000000000000,698,daily-first calendar-month mean,DAILY_FIRST,432,Earth Engine L3 grid-scale AOI reduction,1113.2,AOI_KRYVYI_RIH,VALID,pixelArea masked by final monthly pollutant raster,31,TROPOMI footprint is coarser than the 1113.2 m Earth Engine L3 grid; not treated as independent 1.1 km observations,1,1113.2,432,2024-01,1,NO2,NO2_DAILY_FIRST_LEVEL1,PRODUCT_QUALITY = NOMINAL; native Earth Engine L3 NO2 validity screening retained,EPSG:4326,tropospheric_NO2_column_number_density,COPERNICUS/S5P/OFFL/L3_NO2,432,PRODUCT_QUALITY_NOMINAL,10.0,6.2565952184666145,6.000000000000001,3.0,5.0,7.000000000000002,1704067200000,valid calendar days contributing to the monthly daily-first composite,0.20182564619372734,VALID_DAYS,441.48740460163515,4.4148740460163516E8,1.0,441.48740460163515,4.4148740460163516E8,100.0,2024,"{""type"":""MultiPoint"",""coordinates"":[]}"
2_00000000000000000001,0,orbital-first calendar-month mean,ORBITAL_MONTHLY,434,7000 m dissertation-compatible AOI analysis scale; not the native Earth Engine L3 pixel size,7000.0,AOI_KRYVYI_RIH,NA_NO_VALID_FINAL_RASTER_DATA,pixelArea masked by final monthly pollutant raster,,approximately footprint-scale S5P/TROPOMI support; Earth Engine L3 grid spacing remains 1113.2 m,0,1113.2,434,2024-01,1,SO2,SO2_ORBITAL_MONTHLY_LEVEL1,native Earth Engine L3 SO2 ingestion QA retained; no additional qa_value or PRODUCT_QUALITY filter,EPSG:4326,SO2_column_number_density,COPERNICUS/S5P/OFFL/L3_SO2,434,NATIVE_L3_INGESTION_QA,0.0,0.0,0.0,0.0,0.0,0.0,1704067200000,per-pixel count of valid orbital L3 observations contributing to the monthly composite,,VALID_ORBITAL_OBSERVATIONS,441.48740460163515,4.4148740460163516E8,0.0,0.0,0.0,0.0,2024,"{""type"":""MultiPoint"",""coordinates"":[]}"
2_00000000000000000002,698,daily-first calendar-month mean,DAILY_FIRST,435,Earth Engine L3 grid-scale AOI reduction,1113.2,AOI_KRYVYI_RIH,VALID,pixelArea masked by final monthly pollutant raster,31,CO source footprint is coarser than the 1113.2 m Earth Engine L3 grid; 1113.2 m is not interpreted as independent native spatial resolution,1,1113.2,435,2024-01,1,CO,CO_DAILY_FIRST,Earth Engine L3 CO ingestion validity mask retained; no additional pixel QA filter,EPSG:4326,CO_column_number_density,COPERNICUS/S5P/OFFL/L3_CO,435,NATIVE_L3_MASK,24.0,18.589028088564355,19.0,14.0,16.0,20.999999999999993,1704067200000,valid calendar days contributing to the monthly daily-first composite,0.5996460627414348,VALID_DAYS,441.48740460163515,4.4148740460163516E8,1.0,441.48740460163515,4.4148740460163516E8,100.0,2024,"{""type"":""MultiPoint"",""coordinates"":[]}"
2_00000000000000000004,33,orbital-first calendar-month mean,ORBITAL_MONTHLY,410,7000 m dissertation-compatible AOI analysis scale; not the native Earth Engine L3 pixel size,7000.0,AOI_KRYVYI_RIH,VALID,pixelArea masked by final monthly pollutant raster,,approximately footprint-scale S5P/TROPOMI support; Earth Engine L3 grid spacing remains 1113.2 m,1,1113.2,410,2024-02,2,SO2,SO2_ORBITAL_MONTHLY_LEVEL1,native Earth Engine L3 SO2 ingestion QA retained; no additional qa_value or PRODUCT_QUALITY filter,EPSG:4326,SO2_column_number_density,COPERNICUS/S5P/OFFL/L3_SO2,410,NATIVE_L3_INGESTION_QA,8.0,4.055668309654973,4.0,2.0,2.0,5.0,1706745600000,per-pixel count of valid orbital L3 observations contributing to the monthly composite,,VALID_ORBITAL_OBSERVATIONS,441.48740460163515,4.4148740460163516E8,1.0,441.48740460163515,4.4148740460163516E8,100.0,2024,"{""type"":""MultiPoint"",""coordinates"":[]}"
2_00000000000000000005,698,daily-first calendar-month mean,DAILY_FIRST,411,Earth Engine L3 grid-scale AOI reduction,1113.2,AOI_KRYVYI_RIH,VALID,pixelArea masked by final monthly pollutant raster,29,CO source footprint is coarser than the 1113.2 m Earth Engine L3 grid; 1113.2 m is not interpreted as independent native spatial resolution,1,1113.2,411,2024-02,2,CO,CO_DAILY_FIRST,Earth Engine L3 CO ingestion validity mask retained; no additional pixel QA filter,EPSG:4326,CO_column_number_density,COPERNICUS/S5P/OFFL/L3_CO,411,NATIVE_L3_MASK,16.0,11.514095807325406,11.0,7.0,8.999999999999998,14.999999999999998,1706745600000,valid calendar days contributing to the monthly daily-first composite,0.3970377840692474,VALID_DAYS,441.48740460163515,4.4148740460163516E8,1.0,441.48740460163515,4.4148740460163516E8,100.0,2024,"{""type"":""MultiPoint"",""coordinates"":[]}"
2_00000000000000000003,698,daily-first calendar-month mean,DAILY_FIRST,407,Earth Engine L3 grid-scale AOI reduction,1113.2,AOI_KRYVYI_RIH,VALID,pixelArea masked by final monthly pollutant raster,29,TROPOMI footprint is coarser than the 1113.2 m Earth Engine L3 grid; not treated as independent 1.1 km observations,1,1113.2,407,2024-02,2,NO2,NO2_DAILY_FIRST_LEVEL1,PRODUCT_QUALITY = NOMINAL; native Earth Engine L3 NO2 validity screening retained,EPSG:4326,tropospheric_NO2_column_number_density,COPERNICUS/S5P/OFFL/L3_NO2,407,PRODUCT_QUALITY_NOMINAL,11.0,7.496717112236489,8.0,5.0,5.999999999999996,8.0,1706745600000,valid calendar days contributing to the monthly daily-first composite,0.25850748537774504,VALID_DAYS,441.48740460163515,4.4148740460163516E8,1.0,441.48740460163515,4.4148740460163516E8,100.0,2024,"{""type"":""MultiPoint"",""coordinates"":[]}"
2_00000000000000000008,698,daily-first calendar-month mean,DAILY_FIRST,430,Earth Engine L3 grid-scale AOI reduction,1113.2,AOI_KRYVYI_RIH,VALID,pixelArea masked by final monthly pollutant raster,31,CO source footprint is coarser than the 1113.2 m Earth Engine L3 grid; 1113.2 m is not interpreted as independent native spatial resolution,1,1113.2,430,2024-03,3,CO,CO_DAILY_FIRST,Earth Engine L3 CO ingestion validity mask retained; no additional pixel QA filter,EPSG:4326,CO_column_number_density,COPERNICUS/S5P/OFFL/L3_CO,430,NATIVE_L3_MASK,17.0,12.244265987516195,12.0,8.0,10.0,14.0,1709251200000,valid calendar days contributing to the monthly daily-first composite,0.3949763104128722,VALID_DAYS,441.48740460163515,4.4148740460163516E8,1.0,441.48740460163515,4.4148740460163516E8,100.0,2024,"{""type"":""MultiPoint"",""coordinates"":[]}"
2_00000000000000000006,698,daily-first calendar-month mean,DAILY_FIRST,433,Earth Engine L3 grid-scale AOI reduction,1113.2,AOI_KRYVYI_RIH,VALID,pixelArea masked by final monthly pollutant raster,31,TROPOMI footprint is coarser than the 1113.2 m Earth Engine L3 grid; not treated as independent 1.1 km observations,1,1113.2,432,2024-03,3,NO2,NO2_DAILY_FIRST_LEVEL1,PRODUCT_QUALITY = NOMINAL; native Earth Engine L3 NO2 validity screening retained,EPSG:4326,tropospheric_NO2_column_number_density,COPERNICUS/S5P/OFFL/L3_NO2,432,PRODUCT_QUALITY_NOMINAL,15.0,13.811646154752085,14.0,11.0,12.999999999999995,14.0,1709251200000,valid calendar days contributing to the monthly daily-first composite,0.4455369594559016,VALID_DAYS,441.48740460163515,4.4148740460163516E8,1.0,441.48740460163515,4.4148740460163516E8,100.0,2024,"{""type"":""MultiPoint"",""coordinates"":[]}"
2_00000000000000000007,33,orbital-first calendar-month mean,ORBITAL_MONTHLY,433,7000 m dissertation-compatible AOI analysis scale; not the native Earth Engine L3 pixel size,7000.0,AOI_KRYVYI_RIH,VALID,pixelArea masked by final monthly pollutant raster,,approximately footprint-scale S5P/TROPOMI support; Earth Engine L3 grid spacing remains 1113.2 m,1,1113.2,433,2024-03,3,SO2,SO2_ORBITAL_MONTHLY_LEVEL1,native Earth Engine L3 SO2 ingestion QA retained; no additional qa_value or PRODUCT_QUALITY filter,EPSG:4326,SO2_column_number_density,COPERNICUS/S5P/OFFL/L3_SO2,433,NATIVE_L3_INGESTION_QA,19.0,16.725137721078575,17.0,12.0,15.0,18.0,1709251200000,per-pixel count of valid orbital L3 observations contributing to the monthly composite,,VALID_ORBITAL_OBSERVATIONS,441.48740460163515,4.4148740460163516E8,1.0,441.48740460163515,4.4148740460163516E8,100.0,2024,"{""type"":""MultiPoint"",""coordinates"":[]}"
2_0000000000000000000a,33,orbital-first calendar-month mean,ORBITAL_MONTHLY,425,7000 m dissertation-compatible AOI analysis scale; not the native Earth Engine L3 pixel size,7000.0,AOI_KRYVYI_RIH,VALID,pixelArea masked by final monthly pollutant raster,,approximately footprint-scale S5P/TROPOMI support; Earth Engine L3 grid spacing remains 1113.2 m,1,1113.2,425,2024-04,4,SO2,SO2_ORBITAL_MONTHLY_LEVEL1,native Earth Engine L3 SO2 ingestion QA retained; no additional qa_value or PRODUCT_QUALITY filter,EPSG:4326,SO2_column_number_density,COPERNICUS/S5P/OFFL/L3_SO2,425,NATIVE_L3_INGESTION_QA,28.0,23.714120034792693,24.0,20.0,22.0,26.0,1711929600000,per-pixel count of valid orbital L3 observations contributing to the monthly composite,,VALID_ORBITAL_OBSERVATIONS,441.48740460163515,4.4148740460163516E8,1.0,441.48740460163515,4.4148740460163516E8,100.0,2024,"{""type"":""MultiPoint"",""coordinates"":[]}"
2_00000000000000000009,698,daily-first calendar-month mean,DAILY_FIRST,425,Earth Engine L3 grid-scale AOI reduction,1113.2,AOI_KRYVYI_RIH,VALID,pixelArea masked by final monthly pollutant raster,30,TROPOMI footprint is coarser than the 1113.2 m Earth Engine L3 grid; not treated as independent 1.1 km observations,1,1113.2,425,2024-04,4,NO2,NO2_DAILY_FIRST_LEVEL1,PRODUCT_QUALITY = NOMINAL; native Earth Engine L3 NO2 validity screening retained,EPSG:4326,tropospheric_NO2_column_number_density,COPERNICUS/S5P/OFFL/L3_NO2,425,PRODUCT_QUALITY_NOMINAL,20.0,18.16868596160639,18.000000000000007,16.0,17.0,20.0,1711929600000,valid calendar days contributing to the monthly daily-first composite,0.6056228771655717,VALID_DAYS,441.48740460163515,4.4148740460163516E8,1.0,441.48740460163515,4.4148740460163516E8,100.0,2024,"{""type"":""MultiPoint"",""coordinates"":[]}"
2_0000000000000000000b,698,daily-first calendar-month mean,DAILY_FIRST,425,Earth Engine L3 grid-scale AOI reduction,1113.2,AOI_KRYVYI_RIH,VALID,pixelArea masked by final monthly pollutant raster,30,CO source footprint is coarser than the 1113.2 m Earth Engine L3 grid; 1113.2 m is not interpreted as independent native spatial resolution,1,1113.2,425,2024-04,4,CO,CO_DAILY_FIRST,Earth Engine L3 CO ingestion validity mask retained; no additional pixel QA filter,EPSG:4326,CO_column_number_density,COPERNICUS/S5P/OFFL/L3_CO,425,NATIVE_L3_MASK,24.0,18.96947503238722,19.000000000000004,13.0,16.0,22.0,1711929600000,valid calendar days contributing to the monthly daily-first composite,0.6323158430467979,VALID_DAYS,441.48740460163515,4.4148740460163516E8,1.0,441.48740460163515,4.4148740460163516E8,100.0,2024,"{""type"":""MultiPoint"",""coordinates"":[]}"
2_0000000000000000000e,698,daily-first calendar-month mean,DAILY_FIRST,440,Earth Engine L3 grid-scale AOI reduction,1113.2,AOI_KRYVYI_RIH,VALID,pixelArea masked by final monthly pollutant raster,31,CO source footprint is coarser than the 1113.2 m Earth Engine L3 grid; 1113.2 m is not interpreted as independent native spatial resolution,1,1113.2,440,2024-05,5,CO,CO_DAILY_FIRST,Earth Engine L3 CO ingestion validity mask retained; no additional pixel QA filter,EPSG:4326,CO_column_number_density,COPERNICUS/S5P/OFFL/L3_CO,440,NATIVE_L3_MASK,26.0,21.447495877988455,20.999999999999996,18.0,18.999999999999996,25.000000000000004,1714521600000,valid calendar days contributing to the monthly daily-first composite,0.6918547010656211,VALID_DAYS,441.48740460163515,4.4148740460163516E8,1.0,441.48740460163515,4.4148740460163516E8,100.0,2024,"{""type"":""MultiPoint"",""coordinates"":[]}"
2_0000000000000000000d,33,orbital-first calendar-month mean,ORBITAL_MONTHLY,440,7000 m dissertation-compatible AOI analysis scale; not the native Earth Engine L3 pixel size,7000.0,AOI_KRYVYI_RIH,VALID,pixelArea masked by final monthly pollutant raster,,approximately footprint-scale S5P/TROPOMI support; Earth Engine L3 grid spacing remains 1113.2 m,1,1113.2,440,2024-05,5,SO2,SO2_ORBITAL_MONTHLY_LEVEL1,native Earth Engine L3 SO2 ingestion QA retained; no additional qa_value or PRODUCT_QUALITY filter,EPSG:4326,SO2_column_number_density,COPERNICUS/S5P/OFFL/L3_SO2,440,NATIVE_L3_INGESTION_QA,30.0,26.82429689765149,27.0,25.0,25.0,28.0,1714521600000,per-pixel count of valid orbital L3 observations contributing to the monthly composite,,VALID_ORBITAL_OBSERVATIONS,441.48740460163515,4.4148740460163516E8,1.0,441.48740460163515,4.4148740460163516E8,100.0,2024,"{""type"":""MultiPoint"",""coordinates"":[]}"
2_0000000000000000000c,698,daily-first calendar-month mean,DAILY_FIRST,439,Earth Engine L3 grid-scale AOI reduction,1113.2,AOI_KRYVYI_RIH,VALID,pixelArea masked by final monthly pollutant raster,31,TROPOMI footprint is coarser than the 1113.2 m Earth Engine L3 grid; not treated as independent 1.1 km observations,1,1113.2,439,2024-05,5,NO2,NO2_DAILY_FIRST_LEVEL1,PRODUCT_QUALITY = NOMINAL; native Earth Engine L3 NO2 validity screening retained,EPSG:4326,tropospheric_NO2_column_number_density,COPERNICUS/S5P/OFFL/L3_NO2,439,PRODUCT_QUALITY_NOMINAL,23.0,18.570560004710877,18.000000000000014,16.0,17.0,20.0,1714521600000,valid calendar days contributing to the monthly daily-first composite,0.599050318555295,VALID_DAYS,441.48740460163515,4.4148740460163516E8,1.0,441.48740460163515,4.4148740460163516E8,100.0,2024,"{""type"":""MultiPoint"",""coordinates"":[]}"
2_0000000000000000000f,698,daily-first calendar-month mean,DAILY_FIRST,426,Earth Engine L3 grid-scale AOI reduction,1113.2,AOI_KRYVYI_RIH,VALID,pixelArea masked by final monthly pollutant raster,30,TROPOMI footprint is coarser than the 1113.2 m Earth Engine L3 grid; not treated as independent 1.1 km observations,1,1113.2,426,2024-06,6,NO2,NO2_DAILY_FIRST_LEVEL1,PRODUCT_QUALITY = NOMINAL; native Earth Engine L3 NO2 validity screening retained,EPSG:4326,tropospheric_NO2_column_number_density,COPERNICUS/S5P/OFFL/L3_NO2,426,PRODUCT_QUALITY_NOMINAL,25.0,20.87110617124012,20.999999999999993,16.0,19.000000000000004,22.999999999999996,1717200000000,valid calendar days contributing to the monthly daily-first composite,0.6957035414956152,VALID_DAYS,441.48740460163515,4.4148740460163516E8,1.0,441.48740460163515,4.4148740460163516E8,100.0,2024,"{""type"":""MultiPoint"",""coordinates"":[]}"
2_00000000000000000011,698,daily-first calendar-month mean,DAILY_FIRST,426,Earth Engine L3 grid-scale AOI reduction,1113.2,AOI_KRYVYI_RIH,VALID,pixelArea masked by final monthly pollutant raster,30,CO source footprint is coarser than the 1113.2 m Earth Engine L3 grid; 1113.2 m is not interpreted as independent native spatial resolution,1,1113.2,426,2024-06,6,CO,CO_DAILY_FIRST,Earth Engine L3 CO ingestion validity mask retained; no additional pixel QA filter,EPSG:4326,CO_column_number_density,COPERNICUS/S5P/OFFL/L3_CO,426,NATIVE_L3_MASK,28.0,24.964190024732073,24.999999999999993,22.0,23.0,26.999999999999996,1717200000000,valid calendar days contributing to the monthly daily-first composite,0.8321396632398833,VALID_DAYS,441.48740460163515,4.4148740460163516E8,1.0,441.48740460163515,4.4148740460163516E8,100.0,2024,"{""type"":""MultiPoint"",""coordinates"":[]}"
2_00000000000000000010,33,orbital-first calendar-month mean,ORBITAL_MONTHLY,426,7000 m dissertation-compatible AOI analysis scale; not the native Earth Engine L3 pixel size,7000.0,AOI_KRYVYI_RIH,VALID,pixelArea masked by final monthly pollutant raster,,approximately footprint-scale S5P/TROPOMI support; Earth Engine L3 grid spacing remains 1113.2 m,1,1113.2,426,2024-06,6,SO2,SO2_ORBITAL_MONTHLY_LEVEL1,native Earth Engine L3 SO2 ingestion QA retained; no additional qa_value or PRODUCT_QUALITY filter,EPSG:4326,SO2_column_number_density,COPERNICUS/S5P/OFFL/L3_SO2,426,NATIVE_L3_INGESTION_QA,32.0,29.69440417512323,30.0,27.0,28.0,32.0,1717200000000,per-pixel count of valid orbital L3 observations contributing to the monthly composite,,VALID_ORBITAL_OBSERVATIONS,441.48740460163515,4.4148740460163516E8,1.0,441.48740460163515,4.4148740460163516E8,100.0,2024,"{""type"":""MultiPoint"",""coordinates"":[]}"
2_00000000000000000012,698,daily-first calendar-month mean,DAILY_FIRST,438,Earth Engine L3 grid-scale AOI reduction,1113.2,AOI_KRYVYI_RIH,VALID,pixelArea masked by final monthly pollutant raster,31,TROPOMI footprint is coarser than the 1113.2 m Earth Engine L3 grid; not treated as independent 1.1 km observations,1,1113.2,438,2024-07,7,NO2,NO2_DAILY_FIRST_LEVEL1,PRODUCT_QUALITY = NOMINAL; native Earth Engine L3 NO2 validity screening retained,EPSG:4326,tropospheric_NO2_column_number_density,COPERNICUS/S5P/OFFL/L3_NO2,438,PRODUCT_QUALITY_NOMINAL,27.0,22.057170827935447,22.000000000000004,17.0,20.000000000000007,24.0,1719792000000,valid calendar days contributing to the monthly daily-first composite,0.711521633074675,VALID_DAYS,441.48740460163515,4.4148740460163516E8,1.0,441.48740460163515,4.4148740460163516E8,100.0,2024,"{""type"":""MultiPoint"",""coordinates"":[]}"
2_00000000000000000014,698,daily-first calendar-month mean,DAILY_FIRST,438,Earth Engine L3 grid-scale AOI reduction,1113.2,AOI_KRYVYI_RIH,VALID,pixelArea masked by final monthly pollutant raster,31,CO source footprint is coarser than the 1113.2 m Earth Engine L3 grid; 1113.2 m is not interpreted as independent native spatial resolution,1,1113.2,438,2024-07,7,CO,CO_DAILY_FIRST,Earth Engine L3 CO ingestion validity mask retained; no additional pixel QA filter,EPSG:4326,CO_column_number_density,COPERNICUS/S5P/OFFL/L3_CO,438,NATIVE_L3_MASK,30.0,26.962327758803436,27.000000000000004,24.0,25.0,27.999999999999993,1719792000000,valid calendar days contributing to the monthly daily-first composite,0.8697524963879298,VALID_DAYS,441.48740460163515,4.4148740460163516E8,1.0,441.48740460163515,4.4148740460163516E8,100.0,2024,"{""type"":""MultiPoint"",""coordinates"":[]}"
2_00000000000000000013,33,orbital-first calendar-month mean,ORBITAL_MONTHLY,438,7000 m dissertation-compatible AOI analysis scale; not the native Earth Engine L3 pixel size,7000.0,AOI_KRYVYI_RIH,VALID,pixelArea masked by final monthly pollutant raster,,approximately footprint-scale S5P/TROPOMI support; Earth Engine L3 grid spacing remains 1113.2 m,1,1113.2,438,2024-07,7,SO2,SO2_ORBITAL_MONTHLY_LEVEL1,native Earth Engine L3 SO2 ingestion QA retained; no additional qa_value or PRODUCT_QUALITY filter,EPSG:4326,SO2_column_number_density,COPERNICUS/S5P/OFFL/L3_SO2,438,NATIVE_L3_INGESTION_QA,36.0,31.43142939982603,32.0,28.0,29.0,33.0,1719792000000,per-pixel count of valid orbital L3 observations contributing to the monthly composite,,VALID_ORBITAL_OBSERVATIONS,441.48740460163515,4.4148740460163516E8,1.0,441.48740460163515,4.4148740460163516E8,100.0,2024,"{""type"":""MultiPoint"",""coordinates"":[]}"
2_00000000000000000016,33,orbital-first calendar-month mean,ORBITAL_MONTHLY,436,7000 m dissertation-compatible AOI analysis scale; not the native Earth Engine L3 pixel size,7000.0,AOI_KRYVYI_RIH,VALID,pixelArea masked by final monthly pollutant raster,,approximately footprint-scale S5P/TROPOMI support; Earth Engine L3 grid spacing remains 1113.2 m,1,1113.2,436,2024-08,8,SO2,SO2_ORBITAL_MONTHLY_LEVEL1,native Earth Engine L3 SO2 ingestion QA retained; no additional qa_value or PRODUCT_QUALITY filter,EPSG:4326,SO2_column_number_density,COPERNICUS/S5P/OFFL/L3_SO2,436,NATIVE_L3_INGESTION_QA,35.0,32.270513192229636,32.0,30.0,31.0,34.0,1722470400000,per-pixel count of valid orbital L3 observations contributing to the monthly composite,,VALID_ORBITAL_OBSERVATIONS,441.48740460163515,4.4148740460163516E8,1.0,441.48740460163515,4.4148740460163516E8,100.0,2024,"{""type"":""MultiPoint"",""coordinates"":[]}"
2_00000000000000000017,698,daily-first calendar-month mean,DAILY_FIRST,436,Earth Engine L3 grid-scale AOI reduction,1113.2,AOI_KRYVYI_RIH,VALID,pixelArea masked by final monthly pollutant raster,31,CO source footprint is coarser than the 1113.2 m Earth Engine L3 grid; 1113.2 m is not interpreted as independent native spatial resolution,1,1113.2,436,2024-08,8,CO,CO_DAILY_FIRST,Earth Engine L3 CO ingestion validity mask retained; no additional pixel QA filter,EPSG:4326,CO_column_number_density,COPERNICUS/S5P/OFFL/L3_CO,436,NATIVE_L3_MASK,27.0,23.36361294311622,22.999999999999982,19.0,20.999999999999996,26.00000000000001,1722470400000,valid calendar days contributing to the monthly daily-first composite,0.7536649252789842,VALID_DAYS,441.48740460163515,4.4148740460163516E8,1.0,441.48740460163515,4.4148740460163516E8,100.0,2024,"{""type"":""MultiPoint"",""coordinates"":[]}"
2_00000000000000000015,698,daily-first calendar-month mean,DAILY_FIRST,436,Earth Engine L3 grid-scale AOI reduction,1113.2,AOI_KRYVYI_RIH,VALID,pixelArea masked by final monthly pollutant raster,31,TROPOMI footprint is coarser than the 1113.2 m Earth Engine L3 grid; not treated as independent 1.1 km observations,1,1113.2,436,2024-08,8,NO2,NO2_DAILY_FIRST_LEVEL1,PRODUCT_QUALITY = NOMINAL; native Earth Engine L3 NO2 validity screening retained,EPSG:4326,tropospheric_NO2_column_number_density,COPERNICUS/S5P/OFFL/L3_NO2,436,PRODUCT_QUALITY_NOMINAL,26.0,22.58043811094101,22.99999999999999,18.0,20.999999999999993,23.99999999999999,1722470400000,valid calendar days contributing to the monthly daily-first composite,0.7284012228003054,VALID_DAYS,441.48740460163515,4.4148740460163516E8,1.0,441.48740460163515,4.4148740460163516E8,100.0,2024,"{""type"":""MultiPoint"",""coordinates"":[]}"
2_00000000000000000019,33,orbital-first calendar-month mean,ORBITAL_MONTHLY,423,7000 m dissertation-compatible AOI analysis scale; not the native Earth Engine L3 pixel size,7000.0,AOI_KRYVYI_RIH,VALID,pixelArea masked by final monthly pollutant raster,,approximately footprint-scale S5P/TROPOMI support; Earth Engine L3 grid spacing remains 1113.2 m,1,1113.2,423,2024-09,9,SO2,SO2_ORBITAL_MONTHLY_LEVEL1,native Earth Engine L3 SO2 ingestion QA retained; no additional qa_value or PRODUCT_QUALITY filter,EPSG:4326,SO2_column_number_density,COPERNICUS/S5P/OFFL/L3_SO2,423,NATIVE_L3_INGESTION_QA,36.0,31.281240939402714,31.0,25.0,29.0,35.0,1725148800000,per-pixel count of valid orbital L3 observations contributing to the monthly composite,,VALID_ORBITAL_OBSERVATIONS,441.48740460163515,4.4148740460163516E8,1.0,441.48740460163515,4.4148740460163516E8,100.0,2024,"{""type"":""MultiPoint"",""coordinates"":[]}"
2_00000000000000000018,698,daily-first calendar-month mean,DAILY_FIRST,424,Earth Engine L3 grid-scale AOI reduction,1113.2,AOI_KRYVYI_RIH,VALID,pixelArea masked by final monthly pollutant raster,30,TROPOMI footprint is coarser than the 1113.2 m Earth Engine L3 grid; not treated as independent 1.1 km observations,1,1113.2,424,2024-09,9,NO2,NO2_DAILY_FIRST_LEVEL1,PRODUCT_QUALITY = NOMINAL; native Earth Engine L3 NO2 validity screening retained,EPSG:4326,tropospheric_NO2_column_number_density,COPERNICUS/S5P/OFFL/L3_NO2,424,PRODUCT_QUALITY_NOMINAL,26.0,22.710141620539382,23.0,19.0,21.0,24.999999999999996,1725148800000,valid calendar days contributing to the monthly daily-first composite,0.7570047196877845,VALID_DAYS,441.48740460163515,4.4148740460163516E8,1.0,441.48740460163515,4.4148740460163516E8,100.0,2024,"{""type"":""MultiPoint"",""coordinates"":[]}"
2_0000000000000000001a,698,daily-first calendar-month mean,DAILY_FIRST,424,Earth Engine L3 grid-scale AOI reduction,1113.2,AOI_KRYVYI_RIH,VALID,pixelArea masked by final monthly pollutant raster,30,CO source footprint is coarser than the 1113.2 m Earth Engine L3 grid; 1113.2 m is not interpreted as independent native spatial resolution,1,1113.2,424,2024-09,9,CO,CO_DAILY_FIRST,Earth Engine L3 CO ingestion validity mask retained; no additional pixel QA filter,EPSG:4326,CO_column_number_density,COPERNICUS/S5P/OFFL/L3_CO,424,NATIVE_L3_MASK,23.0,19.401366152396644,18.999999999999993,15.0,17.000000000000004,21.0,1725148800000,valid calendar days contributing to the monthly daily-first composite,0.646712211479818,VALID_DAYS,441.48740460163515,4.4148740460163516E8,1.0,441.48740460163515,4.4148740460163516E8,100.0,2024,"{""type"":""MultiPoint"",""coordinates"":[]}"
2_0000000000000000001d,698,daily-first calendar-month mean,DAILY_FIRST,440,Earth Engine L3 grid-scale AOI reduction,1113.2,AOI_KRYVYI_RIH,VALID,pixelArea masked by final monthly pollutant raster,31,CO source footprint is coarser than the 1113.2 m Earth Engine L3 grid; 1113.2 m is not interpreted as independent native spatial resolution,1,1113.2,440,2024-10,10,CO,CO_DAILY_FIRST,Earth Engine L3 CO ingestion validity mask retained; no additional pixel QA filter,EPSG:4326,CO_column_number_density,COPERNICUS/S5P/OFFL/L3_CO,440,NATIVE_L3_MASK,23.0,18.751810740784347,18.999999999999986,14.0,17.0,20.999999999999996,1727740800000,valid calendar days contributing to the monthly daily-first composite,0.6048971171805752,VALID_DAYS,441.48740460163515,4.4148740460163516E8,1.0,441.48740460163515,4.4148740460163516E8,100.0,2024,"{""type"":""MultiPoint"",""coordinates"":[]}"
2_0000000000000000001b,698,daily-first calendar-month mean,DAILY_FIRST,440,Earth Engine L3 grid-scale AOI reduction,1113.2,AOI_KRYVYI_RIH,VALID,pixelArea masked by final monthly pollutant raster,31,TROPOMI footprint is coarser than the 1113.2 m Earth Engine L3 grid; not treated as independent 1.1 km observations,1,1113.2,440,2024-10,10,NO2,NO2_DAILY_FIRST_LEVEL1,PRODUCT_QUALITY = NOMINAL; native Earth Engine L3 NO2 validity screening retained,EPSG:4326,tropospheric_NO2_column_number_density,COPERNICUS/S5P/OFFL/L3_NO2,440,PRODUCT_QUALITY_NOMINAL,21.0,17.3666529266282,16.999999999999996,14.0,14.999999999999996,20.000000000000004,1727740800000,valid calendar days contributing to the monthly daily-first composite,0.5602146040982975,VALID_DAYS,441.48740460163515,4.4148740460163516E8,1.0,441.48740460163515,4.4148740460163516E8,100.0,2024,"{""type"":""MultiPoint"",""coordinates"":[]}"
2_0000000000000000001c,33,orbital-first calendar-month mean,ORBITAL_MONTHLY,440,7000 m dissertation-compatible AOI analysis scale; not the native Earth Engine L3 pixel size,7000.0,AOI_KRYVYI_RIH,VALID,pixelArea masked by final monthly pollutant raster,,approximately footprint-scale S5P/TROPOMI support; Earth Engine L3 grid spacing remains 1113.2 m,1,1113.2,440,2024-10,10,SO2,SO2_ORBITAL_MONTHLY_LEVEL1,native Earth Engine L3 SO2 ingestion QA retained; no additional qa_value or PRODUCT_QUALITY filter,EPSG:4326,SO2_column_number_density,COPERNICUS/S5P/OFFL/L3_SO2,440,NATIVE_L3_INGESTION_QA,19.0,16.00695853870687,16.0,12.0,13.0,18.0,1727740800000,per-pixel count of valid orbital L3 observations contributing to the monthly composite,,VALID_ORBITAL_OBSERVATIONS,441.48740460163515,4.4148740460163516E8,1.0,441.48740460163515,4.4148740460163516E8,100.0,2024,"{""type"":""MultiPoint"",""coordinates"":[]}"
2_00000000000000000020,698,daily-first calendar-month mean,DAILY_FIRST,426,Earth Engine L3 grid-scale AOI reduction,1113.2,AOI_KRYVYI_RIH,VALID,pixelArea masked by final monthly pollutant raster,30,CO source footprint is coarser than the 1113.2 m Earth Engine L3 grid; 1113.2 m is not interpreted as independent native spatial resolution,1,1113.2,426,2024-11,11,CO,CO_DAILY_FIRST,Earth Engine L3 CO ingestion validity mask retained; no additional pixel QA filter,EPSG:4326,CO_column_number_density,COPERNICUS/S5P/OFFL/L3_CO,426,NATIVE_L3_MASK,21.0,17.97141090566481,18.0,14.0,16.0,18.999999999999996,1730419200000,valid calendar days contributing to the monthly daily-first composite,0.5990470384152504,VALID_DAYS,441.48740460163515,4.4148740460163516E8,1.0,441.48740460163515,4.4148740460163516E8,100.0,2024,"{""type"":""MultiPoint"",""coordinates"":[]}"
2_0000000000000000001f,0,orbital-first calendar-month mean,ORBITAL_MONTHLY,425,7000 m dissertation-compatible AOI analysis scale; not the native Earth Engine L3 pixel size,7000.0,AOI_KRYVYI_RIH,NA_NO_VALID_FINAL_RASTER_DATA,pixelArea masked by final monthly pollutant raster,,approximately footprint-scale S5P/TROPOMI support; Earth Engine L3 grid spacing remains 1113.2 m,0,1113.2,425,2024-11,11,SO2,SO2_ORBITAL_MONTHLY_LEVEL1,native Earth Engine L3 SO2 ingestion QA retained; no additional qa_value or PRODUCT_QUALITY filter,EPSG:4326,SO2_column_number_density,COPERNICUS/S5P/OFFL/L3_SO2,425,NATIVE_L3_INGESTION_QA,0.0,0.0,0.0,0.0,0.0,0.0,1730419200000,per-pixel count of valid orbital L3 observations contributing to the monthly composite,,VALID_ORBITAL_OBSERVATIONS,441.48740460163515,4.4148740460163516E8,0.0,0.0,0.0,0.0,2024,"{""type"":""MultiPoint"",""coordinates"":[]}"
2_0000000000000000001e,698,daily-first calendar-month mean,DAILY_FIRST,426,Earth Engine L3 grid-scale AOI reduction,1113.2,AOI_KRYVYI_RIH,VALID,pixelArea masked by final monthly pollutant raster,30,TROPOMI footprint is coarser than the 1113.2 m Earth Engine L3 grid; not treated as independent 1.1 km observations,1,1113.2,426,2024-11,11,NO2,NO2_DAILY_FIRST_LEVEL1,PRODUCT_QUALITY = NOMINAL; native Earth Engine L3 NO2 validity screening retained,EPSG:4326,tropospheric_NO2_column_number_density,COPERNICUS/S5P/OFFL/L3_NO2,426,PRODUCT_QUALITY_NOMINAL,11.0,9.72028471322577,9.999999999999993,8.0,9.0,10.999999999999996,1730419200000,valid calendar days contributing to the monthly daily-first composite,0.3240095009307107,VALID_DAYS,441.48740460163515,4.4148740460163516E8,1.0,441.48740460163515,4.4148740460163516E8,100.0,2024,"{""type"":""MultiPoint"",""coordinates"":[]}"
2_00000000000000000023,698,daily-first calendar-month mean,DAILY_FIRST,438,Earth Engine L3 grid-scale AOI reduction,1113.2,AOI_KRYVYI_RIH,VALID,pixelArea masked by final monthly pollutant raster,31,CO source footprint is coarser than the 1113.2 m Earth Engine L3 grid; 1113.2 m is not interpreted as independent native spatial resolution,1,1113.2,438,2024-12,12,CO,CO_DAILY_FIRST,Earth Engine L3 CO ingestion validity mask retained; no additional pixel QA filter,EPSG:4326,CO_column_number_density,COPERNICUS/S5P/OFFL/L3_CO,438,NATIVE_L3_MASK,24.0,20.924515663643845,21.0,18.0,19.999999999999996,21.999999999999993,1733011200000,valid calendar days contributing to the monthly daily-first composite,0.6749843732492161,VALID_DAYS,441.48740460163515,4.4148740460163516E8,1.0,441.48740460163515,4.4148740460163516E8,100.0,2024,"{""type"":""MultiPoint"",""coordinates"":[]}"
2_00000000000000000021,698,daily-first calendar-month mean,DAILY_FIRST,438,Earth Engine L3 grid-scale AOI reduction,1113.2,AOI_KRYVYI_RIH,VALID,pixelArea masked by final monthly pollutant raster,31,TROPOMI footprint is coarser than the 1113.2 m Earth Engine L3 grid; not treated as independent 1.1 km observations,1,1113.2,437,2024-12,12,NO2,NO2_DAILY_FIRST_LEVEL1,PRODUCT_QUALITY = NOMINAL; native Earth Engine L3 NO2 validity screening retained,EPSG:4326,tropospheric_NO2_column_number_density,COPERNICUS/S5P/OFFL/L3_NO2,437,PRODUCT_QUALITY_NOMINAL,6.0,4.584744140855024,4.999999999999999,3.0,4.0,4.999999999999999,1733011200000,valid calendar days contributing to the monthly daily-first composite,0.14789496787803233,VALID_DAYS,441.48740460163515,4.4148740460163516E8,1.0,441.48740460163515,4.4148740460163516E8,100.0,2024,"{""type"":""MultiPoint"",""coordinates"":[]}"
2_00000000000000000022,0,orbital-first calendar-month mean,ORBITAL_MONTHLY,438,7000 m dissertation-compatible AOI analysis scale; not the native Earth Engine L3 pixel size,7000.0,AOI_KRYVYI_RIH,NA_NO_VALID_FINAL_RASTER_DATA,pixelArea masked by final monthly pollutant raster,,approximately footprint-scale S5P/TROPOMI support; Earth Engine L3 grid spacing remains 1113.2 m,0,1113.2,438,2024-12,12,SO2,SO2_ORBITAL_MONTHLY_LEVEL1,native Earth Engine L3 SO2 ingestion QA retained; no additional qa_value or PRODUCT_QUALITY filter,EPSG:4326,SO2_column_number_density,COPERNICUS/S5P/OFFL/L3_SO2,438,NATIVE_L3_INGESTION_QA,0.0,0.0,0.0,0.0,0.0,0.0,1733011200000,per-pixel count of valid orbital L3 observations contributing to the monthly composite,,VALID_ORBITAL_OBSERVATIONS,441.48740460163515,4.4148740460163516E8,0.0,0.0,0.0,0.0,2024,"{""type"":""MultiPoint"",""coordinates"":[]}"
